Provinsi,Kabupaten/Kota,Persentase Penduduk Miskin (P0) Menurut Kabupaten/Kota (Persen),Rata-rata Lama Sekolah Penduduk 15+ (Tahun),Pengeluaran per Kapita Disesuaikan (Ribu Rupiah/Orang/Tahun),Indeks Pembangunan Manusia,Umur Harapan Hidup (Tahun),Persentase rumah tangga yang memiliki akses terhadap sanitasi layak,Persentase rumah tangga yang memiliki akses terhadap air minum layak,Tingkat Pengangguran Terbuka,Tingkat Partisipasi Angkatan Kerja,PDRB atas Dasar Harga Konstan menurut Pengeluaran (Rupiah),Klasifikasi Kemiskinan,reg_gdp,SALARY,YEAR,Reading Frequency per week,Number of Readings per Quarter,Daily Reading Duration (in minutes),Internet Access Frequency per Week,Daily Internet Duration (in minutes),Tingkat Kegemaran Membaca (Reading Interest),Category
ACEH,simeulue,18.98,9.48,7148.0,66.41,65.28,71.56,87.45,5.71,71.15,1648096.0,0.0,2.275,3165031,2021,5.5,4.5,103.0,5.0,83.9,64.13,High
ACEH,aceh singkil,20.36,8.68,8776.0,69.22,67.43,69.56,78.58,8.36,62.85,1780419.0,1.0,2.425,3165031,2021,5.5,4.5,103.0,5.0,83.9,64.13,High
ACEH,aceh selatan,13.18,8.88,8180.0,67.44,64.4,62.55,79.65,6.46,60.85,4345784.0,0.0,5.531,3165031,2021,5.5,4.5,103.0,5.0,83.9,64.13,High
ACEH,aceh tenggara,13.41,9.67,8030.0,69.44,68.22,62.71,86.71,6.43,69.62,3487157.0,0.0,5.063,3165031,2021,5.5,4.5,103.0,5.0,83.9,64.13,High
ACEH,aceh timur,14.45,8.21,8577.0,67.83,68.74,66.75,83.16,7.13,59.48,8433526.0,0.0,10.616,3165031,2021,5.5,4.5,103.0,5.0,83.9,64.13,High
ACEH,aceh tengah,15.26,9.86,10780.0,73.37,68.86,90.58,90.1,2.61,76.3,5953118.0,0.0,7.389,3165031,2021,5.5,4.5,103.0,5.0,83.9,64.13,High
ACEH,aceh barat,18.81,9.55,9593.0,71.67,67.99,89.6,94.22,7.09,60.05,7485861.0,0.0,8.116,3165031,2021,5.5,4.5,103.0,5.0,83.9,64.13,High
ACEH,aceh besar,14.05,10.33,9644.0,73.58,69.79,87.4,82.36,7.7,61.67,10261585.0,0.0,13.336,3165031,2021,5.5,4.5,103.0,5.0,83.9,64.13,High
ACEH,pidie,19.59,9.0,9860.0,70.7,66.95,54.1,89.24,7.28,60.29,7975099.0,0.0,10.76,3165031,2021,5.5,4.5,103.0,5.0,83.9,64.13,High
ACEH,bireuen,13.25,9.29,8867.0,72.33,71.26,81.89,93.53,4.32,65.91,10374480.0,0.0,13.09,3165031,2021,5.5,4.5,103.0,5.0,83.9,64.13,High
ACEH,aceh utara,17.43,8.64,8201.0,69.46,68.81,79.97,91.09,8.31,58.47,16924103.0,0.0,19.695,3165031,2021,5.5,4.5,103.0,5.0,83.9,64.13,High
ACEH,aceh barat daya,16.34,8.67,8428.0,66.99,65.06,65.71,95.34,4.04,57.91,3069805.0,0.0,3.92,3165031,2021,5.5,4.5,103.0,5.0,83.9,64.13,High
ACEH,gayo lues,19.64,8.4,8856.0,67.56,65.53,47.63,84.68,1.84,78.99,1981879.0,0.0,2.695,3165031,2021,5.5,4.5,103.0,5.0,83.9,64.13,High
ACEH,aceh tamiang,13.34,8.91,8367.0,69.48,69.63,87.45,83.12,5.87,66.43,6062520.0,0.0,7.513,3165031,2021,5.5,4.5,103.0,5.0,83.9,64.13,High
ACEH,nagan raya,18.23,8.69,8292.0,69.31,69.24,74.86,90.13,4.99,64.99,7110421.0,0.0,7.674,3165031,2021,5.5,4.5,103.0,5.0,83.9,64.13,High
ACEH,aceh jaya,13.23,8.71,9666.0,69.84,67.19,81.6,86.36,3.47,72.59,2033844.0,0.0,2.626,3165031,2021,5.5,4.5,103.0,5.0,83.9,64.13,High
ACEH,bener meriah,19.16,10.0,11118.0,73.27,69.26,86.69,89.71,1.24,77.53,3744095.0,0.0,4.522,3165031,2021,5.5,4.5,103.0,5.0,83.9,64.13,High
ACEH,pidie jaya,19.55,9.34,10290.0,73.6,70.18,74.3,93.46,3.57,57.77,2635517.0,0.0,3.476,3165031,2021,5.5,4.5,103.0,5.0,83.9,64.13,High
ACEH,kota banda aceh,7.61,12.83,16891.0,85.71,71.52,99.88,99.37,8.94,63.0,15454371.0,0.0,18.288,3165031,2021,5.5,4.5,103.0,5.0,83.9,64.13,High
ACEH,kota sabang,15.32,11.18,11378.0,76.11,70.56,92.25,96.18,3.56,63.71,1152875.0,0.0,1.533,3165031,2021,5.5,4.5,103.0,5.0,83.9,64.13,High
ACEH,kota langsa,10.96,11.12,12067.0,77.44,69.43,91.81,97.14,7.21,67.04,3974614.0,0.0,5.279,3165031,2021,5.5,4.5,103.0,5.0,83.9,64.13,High
ACEH,kota lhokseumawe,11.16,11.11,11390.0,77.57,71.64,93.1,94.44,11.16,63.91,7252905.0,0.0,8.918,3165031,2021,5.5,4.5,103.0,5.0,83.9,64.13,High
ACEH,kota subulussalam,17.65,8.03,7385.0,65.27,64.07,69.71,60.87,6.26,63.78,1438997.0,0.0,1.804,3165031,2021,5.5,4.5,103.0,5.0,83.9,64.13,High
SUMATERA UTARA,nias,16.82,5.64,6995.0,62.74,69.78,19.93,47.79,3.12,81.79,2666855.0,0.0,4.041,2499423,2021,4.5,4.0,94.1,5.5,106.0,57.26,Moderate
SUMATERA UTARA,mandailing natal,9.49,8.63,9771.0,67.19,62.65,35.73,73.78,6.12,69.79,9585899.0,0.0,13.843,2499423,2021,4.5,4.0,94.1,5.5,106.0,57.26,Moderate
SUMATERA UTARA,tapanuli selatan,8.8,9.29,11304.0,70.33,64.97,46.41,67.39,4.0,74.38,10036712.0,0.0,14.642,2499423,2021,4.5,4.0,94.1,5.5,106.0,57.26,Moderate
SUMATERA UTARA,tapanuli tengah,12.67,8.84,10138.0,69.61,67.24,57.56,68.81,7.24,75.05,7149285.0,0.0,10.139,2499423,2021,4.5,4.0,94.1,5.5,106.0,57.26,Moderate
SUMATERA UTARA,tapanuli utara,9.72,9.99,11710.0,73.76,68.76,83.79,89.06,1.54,82.63,6058350.0,0.0,8.274,2499423,2021,4.5,4.0,94.1,5.5,106.0,57.26,Moderate
SUMATERA UTARA,toba samosir,8.99,10.57,12224.0,75.39,70.29,89.54,95.04,0.83,80.38,5649103.0,0.0,7.845,2499423,2021,4.5,4.0,94.1,5.5,106.0,57.26,Moderate
SUMATERA UTARA,labuhan batu,8.74,9.25,11212.0,72.09,69.95,81.5,94.34,5.66,61.84,24147560.0,0.0,34.653,2499423,2021,4.5,4.0,94.1,5.5,106.0,57.26,Moderate
SUMATERA UTARA,asahan,9.35,8.8,11030.0,70.49,68.37,89.09,95.78,6.39,63.02,27279586.0,0.0,38.692,2499423,2021,4.5,4.0,94.1,5.5,106.0,57.26,Moderate
SUMATERA UTARA,simalungun,8.81,9.61,11376.0,73.4,71.37,91.75,99.74,4.17,72.55,28648781.0,0.0,39.441,2499423,2021,4.5,4.0,94.1,5.5,106.0,57.26,Moderate
SUMATERA UTARA,dairi,8.31,9.59,10504.0,71.84,69.19,92.35,91.9,1.49,85.73,6641674.0,0.0,9.318,2499423,2021,4.5,4.0,94.1,5.5,106.0,57.26,Moderate
SUMATERA UTARA,karo,8.79,10.0,12412.0,74.83,71.58,84.33,91.43,1.95,84.56,14582333.0,0.0,20.975,2499423,2021,4.5,4.0,94.1,5.5,106.0,57.26,Moderate
SUMATERA UTARA,deli serdang,4.01,10.1,12291.0,75.53,71.77,96.37,98.18,9.13,66.78,72173623.0,0.0,110.145,2499423,2021,4.5,4.0,94.1,5.5,106.0,57.26,Moderate
SUMATERA UTARA,langkat,10.12,8.66,11142.0,71.35,68.97,80.76,92.51,5.12,69.12,30247389.0,0.0,43.208,2499423,2021,4.5,4.0,94.1,5.5,106.0,57.26,Moderate
SUMATERA UTARA,nias selatan,16.92,6.06,7041.0,62.35,68.86,13.14,66.21,3.91,72.25,4332626.0,0.0,7.164,2499423,2021,4.5,4.0,94.1,5.5,106.0,57.26,Moderate
SUMATERA UTARA,humbang hasundutan,9.65,9.71,8016.0,69.41,69.51,91.65,91.95,1.94,84.17,4219138.0,0.0,6.123,2499423,2021,4.5,4.0,94.1,5.5,106.0,57.26,Moderate
SUMATERA UTARA,pakpak bharat,9.35,9.14,8254.0,67.94,65.96,90.14,70.69,1.36,87.7,872403.0,0.0,1.211,2499423,2021,4.5,4.0,94.1,5.5,106.0,57.26,Moderate
SUMATERA UTARA,samosir,12.68,9.44,8504.0,70.83,71.41,91.09,65.64,0.7,84.38,3162101.0,0.0,4.543,2499423,2021,4.5,4.0,94.1,5.5,106.0,57.26,Moderate
SUMATERA UTARA,serdang bedagai,8.3,8.69,11017.0,70.56,68.82,93.19,98.14,3.93,66.75,19863243.0,0.0,28.602,2499423,2021,4.5,4.0,94.1,5.5,106.0,57.26,Moderate
SUMATERA UTARA,batu bara,12.38,8.07,10539.0,68.58,67.13,88.04,97.83,6.62,70.0,24486056.0,0.0,34.988,2499423,2021,4.5,4.0,94.1,5.5,106.0,57.26,Moderate
SUMATERA UTARA,padang lawas utara,9.92,9.38,10055.0,70.11,67.22,67.17,77.58,3.19,76.82,8593639.0,0.0,12.19,2499423,2021,4.5,4.0,94.1,5.5,106.0,57.26,Moderate
SUMATERA UTARA,padang lawas,8.69,9.02,8921.0,68.64,67.13,59.62,77.84,4.07,75.23,8362135.0,0.0,11.997,2499423,2021,4.5,4.0,94.1,5.5,106.0,57.26,Moderate
SUMATERA UTARA,labuhan batu selatan,8.53,8.9,11562.0,71.69,68.81,84.85,84.66,4.71,66.38,19620408.0,0.0,28.199,2499423,2021,4.5,4.0,94.1,5.5,106.0,57.26,Moderate
SUMATERA UTARA,labuhan batu utara,10.02,8.41,11840.0,71.87,69.56,79.75,86.75,5.74,65.73,17969257.0,0.0,25.191,2499423,2021,4.5,4.0,94.1,5.5,106.0,57.26,Moderate
SUMATERA UTARA,nias utara,25.66,6.77,6155.0,62.82,69.55,46.09,58.17,3.0,74.27,2417196.0,1.0,3.71,2499423,2021,4.5,4.0,94.1,5.5,106.0,57.26,Moderate
SUMATERA UTARA,nias barat,26.42,6.69,5924.0,61.99,69.08,38.02,71.52,0.74,82.08,1285664.0,1.0,1.923,2499423,2021,4.5,4.0,94.1,5.5,106.0,57.26,Moderate
SUMATERA UTARA,kota sibolga,12.33,10.41,11540.0,73.94,69.25,32.33,92.4,8.72,71.19,3595704.0,0.0,5.605,2499423,2021,4.5,4.0,94.1,5.5,106.0,57.26,Moderate
SUMATERA UTARA,kota tanjung balai,13.4,9.45,11225.0,68.94,63.44,89.07,87.2,6.59,66.57,5898808.0,0.0,9.181,2499423,2021,4.5,4.0,94.1,5.5,106.0,57.26,Moderate
SUMATERA UTARA,kota pematang siantar,8.52,11.29,12436.0,79.17,73.77,88.49,99.78,11.0,68.8,9547698.0,0.0,13.92,2499423,2021,4.5,4.0,94.1,5.5,106.0,57.26,Moderate
SUMATERA UTARA,kota tebing tinggi,10.3,10.44,12939.0,75.42,70.95,95.88,99.35,8.37,67.19,4024777.0,0.0,6.049,2499423,2021,4.5,4.0,94.1,5.5,106.0,57.26,Moderate
SUMATERA UTARA,kota medan,8.34,11.48,14999.0,81.21,73.23,92.71,98.8,10.81,62.16,157689187.0,0.0,242.198,2499423,2021,4.5,4.0,94.1,5.5,106.0,57.26,Moderate
SUMATERA UTARA,kota binjai,5.81,10.94,11063.0,76.01,72.45,95.21,99.76,7.86,62.77,8162776.0,0.0,11.769,2499423,2021,4.5,4.0,94.1,5.5,106.0,57.26,Moderate
SUMATERA UTARA,kota padangsidimpuan,7.53,11.09,10965.0,75.48,69.5,51.33,54.13,7.18,68.69,4346777.0,0.0,6.479,2499423,2021,4.5,4.0,94.1,5.5,106.0,57.26,Moderate
SUMATERA UTARA,kota gunungsitoli,16.45,8.62,8134.0,69.61,71.32,45.13,74.11,4.8,62.95,3519128.0,0.0,5.776,2499423,2021,4.5,4.0,94.1,5.5,106.0,57.26,Moderate
SUMATERA BARAT,kepulauan mentawai,14.84,7.2,6321.0,61.35,64.73,71.05,55.46,2.79,82.57,3041549.0,0.0,4.629,2484041,2021,5.0,4.5,88.0,5.5,104.1,61.15,High
SUMATERA BARAT,pesisir selatan,7.92,8.27,9270.0,70.03,70.96,71.4,76.23,5.97,66.59,9790360.0,0.0,13.995,2484041,2021,5.0,4.5,88.0,5.5,104.1,61.15,High
SUMATERA BARAT,solok,8.01,7.87,10215.0,69.24,68.79,47.63,78.09,4.67,71.21,10119822.0,0.0,13.511,2484041,2021,5.0,4.5,88.0,5.5,104.1,61.15,High
SUMATERA BARAT,sijunjung,6.8,8.12,10389.0,67.86,66.36,72.63,64.12,3.57,70.06,6893214.0,0.0,9.123,2484041,2021,5.0,4.5,88.0,5.5,104.1,61.15,High
SUMATERA BARAT,tanah datar,4.54,8.62,10616.0,72.46,70.12,53.73,86.5,4.63,66.88,9891020.0,0.0,13.027,2484041,2021,5.0,4.5,88.0,5.5,104.1,61.15,High
SUMATERA BARAT,padang pariaman,7.22,7.88,11050.0,70.76,68.97,55.86,86.09,8.41,64.64,12199848.0,0.0,17.942,2484041,2021,5.0,4.5,88.0,5.5,104.1,61.15,High
SUMATERA BARAT,agam,6.85,8.97,9662.0,72.57,72.53,77.25,87.46,5.06,66.49,14939509.0,0.0,20.371,2484041,2021,5.0,4.5,88.0,5.5,104.1,61.15,High
SUMATERA BARAT,lima puluh kota,7.29,8.07,9668.0,69.68,69.84,55.69,68.93,2.25,71.33,11430548.0,0.0,15.533,2484041,2021,5.0,4.5,88.0,5.5,104.1,61.15,High
SUMATERA BARAT,pasaman,7.48,8.1,8440.0,66.77,67.59,45.26,82.57,4.92,69.35,6330067.0,0.0,8.891,2484041,2021,5.0,4.5,88.0,5.5,104.1,61.15,High
SUMATERA BARAT,solok selatan,7.52,8.32,10367.0,69.23,68.01,58.57,81.01,4.84,72.11,4059515.0,0.0,5.529,2484041,2021,5.0,4.5,88.0,5.5,104.1,61.15,High
SUMATERA BARAT,dharmasraya,6.67,8.55,11324.0,71.76,71.53,82.71,70.27,5.0,73.04,7709700.0,0.0,10.242,2484041,2021,5.0,4.5,88.0,5.5,104.1,61.15,High
SUMATERA BARAT,pasaman barat,7.51,8.27,9089.0,68.76,67.94,70.28,81.47,5.02,66.93,11682234.0,0.0,15.246,2484041,2021,5.0,4.5,88.0,5.5,104.1,61.15,High
SUMATERA BARAT,kota padang,4.94,11.59,14540.0,82.9,73.69,80.13,95.52,13.37,63.78,45227957.0,0.0,62.222,2484041,2021,5.0,4.5,88.0,5.5,104.1,61.15,High
SUMATERA BARAT,kota solok,3.12,11.04,12168.0,78.41,73.73,91.4,96.55,5.15,66.51,2936828.0,0.0,4.042,2484041,2021,5.0,4.5,88.0,5.5,104.1,61.15,High
SUMATERA BARAT,kota sawah lunto,2.38,10.32,10195.0,72.88,70.1,86.45,88.27,6.38,68.05,2829590.0,0.0,3.657,2484041,2021,5.0,4.5,88.0,5.5,104.1,61.15,High
SUMATERA BARAT,kota padang panjang,5.92,11.63,10754.0,77.97,72.82,73.04,98.45,4.9,65.94,2631518.0,0.0,3.473,2484041,2021,5.0,4.5,88.0,5.5,104.1,61.15,High
SUMATERA BARAT,kota bukittinggi,5.14,11.34,13331.0,80.7,74.5,89.93,97.05,6.09,67.42,6263130.0,0.0,8.628,2484041,2021,5.0,4.5,88.0,5.5,104.1,61.15,High
SUMATERA BARAT,kota payakumbuh,6.16,10.81,13317.0,79.08,73.84,89.49,99.43,6.47,71.73,4571927.0,0.0,6.824,2484041,2021,5.0,4.5,88.0,5.5,104.1,61.15,High
SUMATERA BARAT,kota pariaman,4.38,10.67,12818.0,77.07,70.38,79.56,97.69,6.09,62.7,3669629.0,0.0,4.994,2484041,2021,5.0,4.5,88.0,5.5,104.1,61.15,High
RIAU,kuantan singingi,8.97,8.75,10309.0,70.6,68.6,87.98,85.78,2.06,67.02,24689509.0,0.0,33.749,3005460,2021,5.0,4.0,90.6,5.5,115.3,59.77,Moderate
RIAU,indragiri hulu,6.18,8.39,10260.0,70.01,70.26,82.82,64.84,3.32,68.45,31176538.0,0.0,42.626,3005460,2021,5.0,4.0,90.6,5.5,115.3,59.77,Moderate
RIAU,indragiri hilir,6.18,7.24,9945.0,66.63,67.98,49.64,89.6,2.66,68.56,46921264.0,0.0,65.023,3005460,2021,5.0,4.0,90.6,5.5,115.3,59.77,Moderate
RIAU,pelalawan,9.63,8.7,11672.0,72.08,71.24,81.13,83.61,2.34,69.18,36538811.0,0.0,50.64,3005460,2021,5.0,4.0,90.6,5.5,115.3,59.77,Moderate
RIAU,siak,5.18,9.86,11807.0,73.98,71.13,95.41,93.13,4.34,64.69,54543286.0,0.0,77.844,3005460,2021,5.0,4.0,90.6,5.5,115.3,59.77,Moderate
RIAU,kampar,7.82,9.27,10858.0,73.02,70.83,89.62,90.41,4.27,63.06,53196375.0,0.0,72.977,3005460,2021,5.0,4.0,90.6,5.5,115.3,59.77,Moderate
RIAU,rokan hulu,10.4,8.54,9406.0,69.67,70.18,88.85,92.17,2.25,66.5,26752468.0,0.0,36.084,3005460,2021,5.0,4.0,90.6,5.5,115.3,59.77,Moderate
RIAU,bengkalis,6.64,9.7,11415.0,73.58,71.24,90.34,93.26,6.63,66.76,74229737.0,0.0,115.883,3005460,2021,5.0,4.0,90.6,5.5,115.3,59.77,Moderate
RIAU,rokan hilir,7.18,8.26,9417.0,69.34,70.39,73.94,87.52,3.25,60.74,46761280.0,0.0,67.951,3005460,2021,5.0,4.0,90.6,5.5,115.3,59.77,Moderate
RIAU,kepulauan meranti,25.68,7.84,7780.0,65.7,67.78,55.98,88.69,4.43,65.6,13008808.0,1.0,18.066,3005460,2021,5.0,4.0,90.6,5.5,115.3,59.77,Moderate
RIAU,kota pekanbaru,2.83,11.92,14360.0,81.58,72.41,96.28,98.76,8.29,61.61,72619083.0,0.0,115.519,3005460,2021,5.0,4.0,90.6,5.5,115.3,59.77,Moderate
RIAU,kota dumai,3.42,10.14,11818.0,74.75,70.98,97.03,92.86,6.29,64.91,26068578.0,0.0,36.323,3005460,2021,5.0,4.0,90.6,5.5,115.3,59.77,Moderate
JAMBI,kerinci,7.71,8.56,10184.0,71.45,70.0,66.32,74.59,2.32,70.9,6844238.0,0.0,10.447,3230023,2021,4.5,4.0,88.6,5.0,97.8,57.52,Moderate
JAMBI,merangin,9.11,7.9,10380.0,69.53,71.29,71.07,68.91,4.83,69.85,10371678.0,0.0,15.688,3230023,2021,4.5,4.0,88.6,5.0,97.8,57.52,Moderate
JAMBI,sarolangun,8.87,8.04,11792.0,70.25,69.21,76.03,69.96,5.52,64.86,11397733.0,0.0,14.503,3230023,2021,4.5,4.0,88.6,5.0,97.8,57.52,Moderate
JAMBI,batang hari,10.05,8.12,10032.0,70.11,70.64,79.68,73.08,4.26,68.81,12221193.0,0.0,16.432,3230023,2021,4.5,4.0,88.6,5.0,97.8,57.52,Moderate
JAMBI,muaro jambi,4.53,8.58,8825.0,69.55,71.32,89.17,80.66,5.59,62.78,16847013.0,0.0,24.509,3230023,2021,4.5,4.0,88.6,5.0,97.8,57.52,Moderate
JAMBI,tanjung jabung timur,11.39,6.92,9163.0,64.91,66.34,70.27,85.91,1.56,71.22,17284926.0,0.0,19.5,3230023,2021,4.5,4.0,88.6,5.0,97.8,57.52,Moderate
JAMBI,tanjung jabung barat,10.75,8.0,9699.0,68.16,68.17,81.89,91.76,2.53,73.89,30976199.0,0.0,37.154,3230023,2021,4.5,4.0,88.6,5.0,97.8,57.52,Moderate
JAMBI,tebo,6.68,7.59,10546.0,69.35,70.02,83.38,69.97,2.83,70.65,10597493.0,0.0,14.759,3230023,2021,4.5,4.0,88.6,5.0,97.8,57.52,Moderate
JAMBI,bungo,6.23,8.28,11670.0,70.15,67.83,77.58,73.63,5.86,63.58,13133523.0,0.0,17.375,3230023,2021,4.5,4.0,88.6,5.0,97.8,57.52,Moderate
JAMBI,kota jambi,9.02,11.2,12240.0,79.12,72.71,93.22,95.83,10.66,63.12,19515486.0,0.0,29.815,3230023,2021,4.5,4.0,88.6,5.0,97.8,57.52,Moderate
JAMBI,kota sungai penuh,3.41,10.33,10454.0,75.7,72.21,74.04,90.55,3.0,64.92,4768840.0,0.0,7.566,3230023,2021,4.5,4.0,88.6,5.0,97.8,57.52,Moderate
SUMATERA SELATAN,ogan komering ulu,12.62,8.71,10040.0,69.6,68.24,82.72,81.78,4.57,69.96,10114558.0,0.0,14.833,3043111,2021,4.5,4.0,84.2,4.5,100.2,55.51,Moderate
SUMATERA SELATAN,ogan komering ilir,14.68,7.05,10755.0,67.17,68.67,68.09,79.02,3.01,69.68,20909479.0,0.0,29.345,3043111,2021,4.5,4.0,84.2,4.5,100.2,55.51,Moderate
SUMATERA SELATAN,muara enim,12.32,7.8,10995.0,68.86,69.02,84.35,89.48,5.03,69.57,43987266.0,0.0,57.757,3043111,2021,4.5,4.0,84.2,4.5,100.2,55.51,Moderate
SUMATERA SELATAN,lahat,16.46,8.52,9735.0,67.58,66.16,70.44,81.67,3.6,69.54,13002365.0,0.0,17.365,3043111,2021,4.5,4.0,84.2,4.5,100.2,55.51,Moderate
SUMATERA SELATAN,musi rawas,13.89,7.53,9550.0,67.01,68.26,69.22,83.15,2.78,70.53,14032621.0,0.0,19.303,3043111,2021,4.5,4.0,84.2,4.5,100.2,55.51,Moderate
SUMATERA SELATAN,musi banyuasin,15.84,7.63,10140.0,68.1,68.84,71.07,79.37,3.99,69.18,46128391.0,0.0,66.515,3043111,2021,4.5,4.0,84.2,4.5,100.2,55.51,Moderate
SUMATERA SELATAN,banyu asin,10.75,7.44,9860.0,67.13,69.06,72.2,76.97,3.84,65.54,20767642.0,0.0,29.194,3043111,2021,4.5,4.0,84.2,4.5,100.2,55.51,Moderate
SUMATERA SELATAN,ogan komering ulu selatan,11.12,7.85,8585.0,65.34,67.07,56.2,77.12,3.23,76.17,5985137.0,0.0,8.976,3043111,2021,4.5,4.0,84.2,4.5,100.2,55.51,Moderate
SUMATERA SELATAN,ogan komering ulu timur,10.6,7.56,11531.0,69.58,69.17,83.86,93.32,3.18,71.31,10551001.0,0.0,15.23,3043111,2021,4.5,4.0,84.2,4.5,100.2,55.51,Moderate
SUMATERA SELATAN,ogan ilir,13.82,7.87,10454.0,67.17,65.6,67.92,72.53,3.07,68.48,7775123.0,0.0,11.344,3043111,2021,4.5,4.0,84.2,4.5,100.2,55.51,Moderate
SUMATERA SELATAN,empat lawang,13.35,7.64,9400.0,65.39,65.13,51.7,51.87,2.41,72.3,3605939.0,0.0,5.088,3043111,2021,4.5,4.0,84.2,4.5,100.2,55.51,Moderate
SUMATERA SELATAN,penukal abab lematang ilir,12.91,7.05,8210.0,64.88,68.33,94.31,87.49,3.61,73.13,4819885.0,0.0,7.158,3043111,2021,4.5,4.0,84.2,4.5,100.2,55.51,Moderate
SUMATERA SELATAN,musi rawas utara,20.11,7.09,9855.0,64.93,65.76,65.9,80.33,6.72,69.69,5706543.0,1.0,7.198,3043111,2021,4.5,4.0,84.2,4.5,100.2,55.51,Moderate
SUMATERA SELATAN,kota palembang,11.34,10.75,14704.0,78.72,71.01,94.21,97.43,10.11,63.93,107250192.0,0.0,155.822,3043111,2021,4.5,4.0,84.2,4.5,100.2,55.51,Moderate
SUMATERA SELATAN,kota prabumulih,12.2,9.97,12752.0,74.67,70.47,95.33,93.77,5.86,69.41,5541968.0,0.0,7.878,3043111,2021,4.5,4.0,84.2,4.5,100.2,55.51,Moderate
SUMATERA SELATAN,kota pagar alam,9.4,9.4,8877.0,68.68,66.85,58.66,93.16,1.64,74.2,2332447.0,0.0,2.836,3043111,2021,4.5,4.0,84.2,4.5,100.2,55.51,Moderate
SUMATERA SELATAN,kota lubuklinggau,13.23,9.9,13267.0,74.89,69.39,85.5,96.1,6.27,73.6,4470232.0,0.0,6.734,3043111,2021,4.5,4.0,84.2,4.5,100.2,55.51,Moderate
BENGKULU,bengkulu selatan,18.16,9.27,9916.0,70.75,67.93,74.74,58.22,2.55,73.95,3742506.0,0.0,5.824,2888564,2021,4.5,4.5,98.2,5.5,123.0,62.14,High
BENGKULU,rejang lebong,15.85,8.33,10323.0,70.77,68.75,71.5,65.07,2.45,76.09,6274229.0,0.0,9.537,2888564,2021,4.5,4.5,98.2,5.5,123.0,62.14,High
BENGKULU,bengkulu utara,11.61,8.09,10410.0,69.28,68.27,81.36,53.11,3.51,67.62,5425357.0,0.0,8.416,2888564,2021,4.5,4.5,98.2,5.5,123.0,62.14,High
BENGKULU,kaur,18.62,8.38,8638.0,67.17,66.73,78.63,86.2,3.45,69.28,2333305.0,0.0,3.618,2888564,2021,4.5,4.5,98.2,5.5,123.0,62.14,High
BENGKULU,seluma,18.72,8.0,8256.0,67.03,67.9,84.29,47.04,3.44,70.13,2932955.0,0.0,4.744,2888564,2021,4.5,4.5,98.2,5.5,123.0,62.14,High
BENGKULU,mukomuko,11.93,8.3,10405.0,68.64,66.73,86.79,75.99,3.68,64.11,3429923.0,0.0,5.265,2888564,2021,4.5,4.5,98.2,5.5,123.0,62.14,High
BENGKULU,lebong,12.0,8.18,11317.0,67.46,63.4,51.55,57.37,3.18,72.01,2192263.0,0.0,3.401,2888564,2021,4.5,4.5,98.2,5.5,123.0,62.14,High
BENGKULU,kepahiang,14.83,8.29,9377.0,68.62,68.08,66.88,62.65,1.89,75.59,2894350.0,0.0,4.41,2888564,2021,4.5,4.5,98.2,5.5,123.0,62.14,High
BENGKULU,bengkulu tengah,9.68,7.48,9471.0,67.96,68.19,80.23,63.06,4.07,67.32,2951442.0,0.0,4.672,2888564,2021,4.5,4.5,98.2,5.5,123.0,62.14,High
BENGKULU,kota bengkulu,17.89,11.8,14108.0,80.54,70.2,95.8,92.21,6.35,65.42,15833195.0,0.0,23.502,2888564,2021,4.5,4.5,98.2,5.5,123.0,62.14,High
LAMPUNG,lampung barat,12.82,8.07,9969.0,67.9,67.65,76.5,70.96,2.83,83.23,5053324.0,0.0,7.138,2432001,2021,5.0,4.5,86.8,5.5,101.2,62.44,High
LAMPUNG,tanggamus,11.81,7.34,9266.0,66.65,68.67,68.96,63.9,2.93,68.76,10924782.0,0.0,15.541,2432001,2021,5.0,4.5,86.8,5.5,101.2,62.44,High
LAMPUNG,lampung selatan,14.19,7.7,9931.0,68.49,69.42,94.4,87.92,5.27,66.05,30541213.0,0.0,44.299,2432001,2021,5.0,4.5,86.8,5.5,101.2,62.44,High
LAMPUNG,lampung timur,15.08,7.77,10026.0,69.66,70.78,86.29,84.35,3.05,68.67,29000404.0,0.0,40.787,2432001,2021,5.0,4.5,86.8,5.5,101.2,62.44,High
LAMPUNG,lampung tengah,11.99,7.59,11259.0,70.23,69.87,79.37,78.9,4.31,72.26,48710038.0,0.0,71.592,2432001,2021,5.0,4.5,86.8,5.5,101.2,62.44,High
LAMPUNG,lampung utara,19.63,8.34,8737.0,67.89,69.3,75.03,62.78,6.14,66.7,16727892.0,0.0,23.808,2432001,2021,5.0,4.5,86.8,5.5,101.2,62.44,High
LAMPUNG,way kanan,13.09,7.71,9173.0,67.57,69.46,78.66,65.12,3.36,74.78,9736500.0,0.0,14.038,2432001,2021,5.0,4.5,86.8,5.5,101.2,62.44,High
LAMPUNG,tulangbawang,9.67,7.55,10735.0,68.73,70.01,84.83,80.65,4.1,68.32,16062917.0,0.0,23.19,2432001,2021,5.0,4.5,86.8,5.5,101.2,62.44,High
LAMPUNG,pesawaran,15.11,7.71,7934.0,66.14,69.15,83.73,87.07,4.19,65.42,11492493.0,0.0,16.234,2432001,2021,5.0,4.5,86.8,5.5,101.2,62.44,High
LAMPUNG,pringsewu,10.11,8.39,10302.0,70.45,70.27,88.91,96.68,4.85,67.03,7870162.0,0.0,11.177,2432001,2021,5.0,4.5,86.8,5.5,101.2,62.44,High
LAMPUNG,mesuji,7.54,7.08,7980.0,64.04,68.26,78.98,80.27,3.42,69.21,7107313.0,0.0,10.435,2432001,2021,5.0,4.5,86.8,5.5,101.2,62.44,High
LAMPUNG,tulang bawang barat,8.32,7.39,8422.0,66.22,70.03,75.33,42.81,3.35,72.32,7970781.0,0.0,11.433,2432001,2021,5.0,4.5,86.8,5.5,101.2,62.44,High
LAMPUNG,pesisir barat,14.81,8.19,8533.0,64.3,63.66,76.68,74.53,3.08,74.62,3133190.0,0.0,4.629,2432001,2021,5.0,4.5,86.8,5.5,101.2,62.44,High
LAMPUNG,kota bandar lampung,9.11,10.95,12247.0,77.58,71.42,95.45,98.47,8.85,67.18,39818098.0,0.0,59.079,2432001,2021,5.0,4.5,86.8,5.5,101.2,62.44,High
LAMPUNG,kota metro,8.93,10.97,11916.0,77.49,71.66,94.64,94.53,5.0,66.71,4358386.0,0.0,6.298,2432001,2021,5.0,4.5,86.8,5.5,101.2,62.44,High
KEP. BANGKA BELITUNG,bangka,4.81,8.25,12424.0,72.46,71.14,95.73,64.24,5.97,62.68,10733700.0,0.0,13.944,2215000,2021,4.5,4.5,101.6,5.5,104.3,61.81,High
KEP. BANGKA BELITUNG,belitung,7.15,8.47,13563.0,72.57,71.1,94.57,66.31,3.51,66.28,6710007.0,0.0,9.839,2215000,2021,4.5,4.5,101.6,5.5,104.3,61.81,High
KEP. BANGKA BELITUNG,bangka barat,2.75,7.44,12269.0,69.6,70.08,89.99,80.18,3.83,65.98,10331789.0,0.0,13.391,2215000,2021,4.5,4.5,101.6,5.5,104.3,61.81,High
KEP. BANGKA BELITUNG,bangka tengah,5.13,7.2,12945.0,70.89,71.52,92.66,77.33,4.95,66.24,5986898.0,0.0,8.449,2215000,2021,4.5,4.5,101.6,5.5,104.3,61.81,High
KEP. BANGKA BELITUNG,bangka selatan,3.69,6.71,11768.0,67.06,68.35,83.39,69.15,5.29,68.96,6275555.0,0.0,8.695,2215000,2021,4.5,4.5,101.6,5.5,104.3,61.81,High
KEP. BANGKA BELITUNG,belitung timur,7.2,8.47,11760.0,71.42,72.1,89.46,60.01,3.78,69.23,5713650.0,0.0,7.856,2215000,2021,4.5,4.5,101.6,5.5,104.3,61.81,High
KEP. BANGKA BELITUNG,kota pangkal pinang,4.76,10.13,15716.0,78.57,73.41,96.78,96.3,6.81,65.16,9611883.0,0.0,13.464,2215000,2021,4.5,4.5,101.6,5.5,104.3,61.81,High
KEP. RIAU,karimun,6.85,8.18,11879.0,71.7,71.11,92.88,88.1,7.2,60.86,9332771.0,0.0,13.311,2630162,2021,4.5,4.5,97.5,5.5,113.7,61.83,High
KEP. RIAU,bintan,6.42,8.67,14393.0,74.57,70.46,79.76,76.64,8.62,63.19,13933491.0,0.0,20.744,2630162,2021,4.5,4.5,97.5,5.5,113.7,61.83,High
KEP. RIAU,natuna,4.95,8.92,14711.0,73.09,65.31,70.71,81.26,5.15,72.31,14645400.0,0.0,18.406,2630162,2021,4.5,4.5,97.5,5.5,113.7,61.83,High
KEP. RIAU,lingga,13.93,6.88,11938.0,65.83,62.39,68.18,81.25,4.23,64.49,2971547.0,0.0,4.292,2630162,2021,4.5,4.5,97.5,5.5,113.7,61.83,High
KEP. RIAU,kepulauan anambas,7.09,7.34,11950.0,69.23,67.36,33.8,20.51,1.27,70.3,11108487.0,0.0,14.454,2630162,2021,4.5,4.5,97.5,5.5,113.7,61.83,High
KEP. RIAU,kota batam,5.05,11.15,18034.0,81.12,73.36,97.83,95.63,11.64,71.06,111068955.0,0.0,161.364,2630162,2021,4.5,4.5,97.5,5.5,113.7,61.83,High
KEP. RIAU,kota tanjung pinang,9.57,10.26,15439.0,78.93,72.18,84.47,91.66,6.31,60.56,14020211.0,0.0,19.665,2630162,2021,4.5,4.5,97.5,5.5,113.7,61.83,High
DKI JAKARTA,kepulauan seribu,15.06,8.81,12587.0,72.1,68.99,83.75,94.22,8.58,65.45,3649179.0,0.0,6.347,4416186,2021,4.5,4.5,101.6,5.5,107.7,62.25,High
DKI JAKARTA,kota jakarta selatan,3.56,11.64,23888.0,84.9,74.2,96.51,99.96,7.33,61.44,429398830.0,0.0,644.572,4416186,2021,4.5,4.5,101.6,5.5,107.7,62.25,High
DKI JAKARTA,kota jakarta timur,4.28,11.67,17733.0,82.97,74.54,96.73,99.58,8.23,60.85,313842135.0,0.0,470.998,4416186,2021,4.5,4.5,101.6,5.5,107.7,62.25,High
DKI JAKARTA,kota jakarta pusat,4.94,11.39,17365.0,81.56,74.19,89.56,100.0,7.75,63.17,460081046.0,0.0,701.98,4416186,2021,4.5,4.5,101.6,5.5,107.7,62.25,High
DKI JAKARTA,kota jakarta barat,4.31,10.78,20801.0,81.76,73.69,97.75,100.0,9.06,63.21,327622101.0,0.0,469.918,4416186,2021,4.5,4.5,101.6,5.5,107.7,62.25,High
DKI JAKARTA,kota jakarta utara,7.24,10.81,18762.0,80.51,73.35,90.61,100.0,9.84,65.79,330894597.0,0.0,497.299,4416186,2021,4.5,4.5,101.6,5.5,107.7,62.25,High
JAWA BARAT,bogor,8.13,8.31,10410.0,70.6,71.36,63.91,91.83,12.22,62.55,159582645.0,0.0,236.147,1810351,2021,5.5,4.5,108.7,5.5,117.2,65.34,High
JAWA BARAT,sukabumi,7.7,7.1,8850.0,67.07,71.21,64.35,81.34,9.51,64.93,47933519.0,0.0,67.392,1810351,2021,5.5,4.5,108.7,5.5,117.2,65.34,High
JAWA BARAT,cianjur,11.18,7.19,8052.0,65.56,70.32,58.52,86.25,9.32,67.98,32897517.0,0.0,47.523,1810351,2021,5.5,4.5,108.7,5.5,117.2,65.34,High
JAWA BARAT,bandung,7.15,9.07,10307.0,72.73,73.72,64.51,99.07,8.32,65.12,83947149.0,0.0,123.049,1810351,2021,5.5,4.5,108.7,5.5,117.2,65.34,High
JAWA BARAT,garut,10.65,7.53,7961.0,66.45,71.59,43.73,77.35,8.68,62.76,39981191.0,0.0,58.043,1810351,2021,5.5,4.5,108.7,5.5,117.2,65.34,High
JAWA BARAT,tasikmalaya,11.15,7.48,7829.0,65.9,69.67,49.35,85.26,6.16,68.18,25179475.0,0.0,37.446,1810351,2021,5.5,4.5,108.7,5.5,117.2,65.34,High
JAWA BARAT,ciamis,7.97,7.9,9259.0,70.93,72.02,66.59,90.12,5.06,69.83,22774934.0,0.0,31.974,1810351,2021,5.5,4.5,108.7,5.5,117.2,65.34,High
JAWA BARAT,kuningan,13.1,7.8,9409.0,69.71,73.78,80.98,94.4,11.68,63.82,17483024.0,0.0,25.618,1810351,2021,5.5,4.5,108.7,5.5,117.2,65.34,High
JAWA BARAT,cirebon,12.3,7.1,10368.0,69.12,72.18,83.41,96.54,10.38,64.49,34128554.0,0.0,49.561,1810351,2021,5.5,4.5,108.7,5.5,117.2,65.34,High
JAWA BARAT,majalengka,12.33,7.31,9591.0,67.81,70.46,80.59,96.8,5.71,67.63,22788754.0,0.0,32.055,1810351,2021,5.5,4.5,108.7,5.5,117.2,65.34,High
JAWA BARAT,sumedang,10.71,8.52,10262.0,71.8,72.62,87.87,94.16,9.18,68.51,24414663.0,0.0,35.491,1810351,2021,5.5,4.5,108.7,5.5,117.2,65.34,High
JAWA BARAT,indramayu,13.04,6.52,9810.0,67.64,71.84,89.75,97.95,8.3,69.86,59544866.0,0.0,79.286,1810351,2021,5.5,4.5,108.7,5.5,117.2,65.34,High
JAWA BARAT,subang,10.03,7.11,10854.0,69.13,72.58,85.82,98.75,9.77,67.78,29023194.0,0.0,39.595,1810351,2021,5.5,4.5,108.7,5.5,117.2,65.34,High
JAWA BARAT,purwakarta,8.83,8.1,11669.0,70.98,71.18,72.61,81.5,10.7,61.13,46840149.0,0.0,67.176,1810351,2021,5.5,4.5,108.7,5.5,117.2,65.34,High
JAWA BARAT,karawang,8.95,7.78,11522.0,70.94,72.33,77.19,96.63,11.83,64.19,166941492.0,0.0,225.064,1810351,2021,5.5,4.5,108.7,5.5,117.2,65.34,High
JAWA BARAT,bekasi,5.21,9.3,11341.0,74.45,73.81,81.02,95.02,10.09,65.87,251828575.0,0.0,317.943,1810351,2021,5.5,4.5,108.7,5.5,117.2,65.34,High
JAWA BARAT,bandung barat,11.3,8.2,8546.0,68.29,72.52,63.78,92.47,11.65,60.75,31701786.0,0.0,46.479,1810351,2021,5.5,4.5,108.7,5.5,117.2,65.34,High
JAWA BARAT,pangandaran,9.65,7.85,9065.0,68.28,71.6,81.49,80.78,3.25,74.75,8022781.0,0.0,11.498,1810351,2021,5.5,4.5,108.7,5.5,117.2,65.34,High
JAWA BARAT,kota bogor,7.24,10.53,11716.0,76.59,73.82,75.35,98.14,11.79,61.77,33372476.0,0.0,45.94,1810351,2021,5.5,4.5,108.7,5.5,117.2,65.34,High
JAWA BARAT,kota sukabumi,8.25,9.81,10942.0,74.6,72.58,39.64,98.37,10.78,56.86,8851051.0,0.0,12.402,1810351,2021,5.5,4.5,108.7,5.5,117.2,65.34,High
JAWA BARAT,kota bandung,4.37,10.99,16996.0,81.96,74.46,48.9,99.51,11.46,65.31,200414035.0,0.0,283.617,1810351,2021,5.5,4.5,108.7,5.5,117.2,65.34,High
JAWA BARAT,kota cirebon,10.03,10.12,11810.0,75.25,72.44,92.71,99.34,10.53,62.87,17154552.0,0.0,23.44,1810351,2021,5.5,4.5,108.7,5.5,117.2,65.34,High
JAWA BARAT,kota bekasi,4.74,11.31,15903.0,81.95,75.19,97.54,100.0,10.88,64.76,69796936.0,0.0,96.569,1810351,2021,5.5,4.5,108.7,5.5,117.2,65.34,High
JAWA BARAT,kota depok,2.58,11.46,15420.0,81.37,74.62,97.06,99.52,9.76,62.62,49946927.0,0.0,70.391,1810351,2021,5.5,4.5,108.7,5.5,117.2,65.34,High
JAWA BARAT,kota cimahi,5.35,11.08,12019.0,78.06,74.21,78.67,97.93,13.07,61.79,23275779.0,0.0,32.211,1810351,2021,5.5,4.5,108.7,5.5,117.2,65.34,High
JAWA BARAT,kota tasikmalaya,13.13,9.52,10213.0,73.31,72.34,52.62,94.4,7.66,65.75,15981251.0,0.0,21.589,1810351,2021,5.5,4.5,108.7,5.5,117.2,65.34,High
JAWA BARAT,kota banjar,7.11,8.77,10476.0,71.92,71.19,81.92,97.21,6.09,64.07,3364261.0,0.0,4.461,1810351,2021,5.5,4.5,108.7,5.5,117.2,65.34,High
JAWA TENGAH,cilacap,11.67,7.09,10534.0,70.42,73.9,76.42,93.37,9.97,62.91,91944588.0,0.0,105.036,1798979,2021,5.5,4.5,124.2,5.5,126.9,68.3,High
JAWA TENGAH,banyumas,13.66,7.63,11546.0,72.44,73.8,79.97,91.49,6.05,65.07,40686808.0,0.0,53.682,1798979,2021,5.5,4.5,124.2,5.5,126.9,68.3,High
JAWA TENGAH,purbalingga,16.24,7.25,10032.0,69.15,73.21,76.33,85.18,6.05,69.52,17731438.0,0.0,25.082,1798979,2021,5.5,4.5,124.2,5.5,126.9,68.3,High
JAWA TENGAH,banjarnegara,16.23,6.75,9407.0,67.86,74.28,40.75,82.61,5.86,69.76,15536478.0,0.0,21.694,1798979,2021,5.5,4.5,124.2,5.5,126.9,68.3,High
JAWA TENGAH,kebumen,17.83,7.55,9028.0,70.05,73.55,88.99,86.36,6.03,67.76,20253059.0,0.0,28.011,1798979,2021,5.5,4.5,124.2,5.5,126.9,68.3,High
JAWA TENGAH,purworejo,12.4,8.21,10275.0,72.98,74.87,79.81,85.99,3.59,73.29,13582556.0,0.0,18.637,1798979,2021,5.5,4.5,124.2,5.5,126.9,68.3,High
JAWA TENGAH,wonosobo,17.67,6.82,10760.0,68.43,71.94,53.27,95.64,5.26,70.77,14064765.0,0.0,18.858,1798979,2021,5.5,4.5,124.2,5.5,126.9,68.3,High
JAWA TENGAH,magelang,11.91,7.79,9440.0,70.12,73.88,78.4,94.14,5.03,75.78,23661713.0,0.0,32.455,1798979,2021,5.5,4.5,124.2,5.5,126.9,68.3,High
JAWA TENGAH,boyolali,10.62,7.85,13031.0,74.4,76.03,87.72,93.42,5.09,75.79,23447366.0,0.0,32.672,1798979,2021,5.5,4.5,124.2,5.5,126.9,68.3,High
JAWA TENGAH,klaten,13.49,8.81,12017.0,76.12,76.86,95.37,97.84,5.48,66.89,28531109.0,0.0,39.95,1798979,2021,5.5,4.5,124.2,5.5,126.9,68.3,High
JAWA TENGAH,sukoharjo,8.23,9.35,11428.0,77.13,77.73,94.27,98.01,3.32,68.78,27634118.0,0.0,36.912,1798979,2021,5.5,4.5,124.2,5.5,126.9,68.3,High
JAWA TENGAH,wonogiri,11.55,7.34,9429.0,70.49,76.28,92.97,98.82,2.43,73.09,21251004.0,0.0,29.154,1798979,2021,5.5,4.5,124.2,5.5,126.9,68.3,High
JAWA TENGAH,karanganyar,10.68,8.57,11509.0,75.99,77.55,95.38,98.65,5.89,73.15,27034108.0,0.0,37.074,1798979,2021,5.5,4.5,124.2,5.5,126.9,68.3,High
JAWA TENGAH,sragen,13.83,7.66,12679.0,74.08,75.79,89.89,98.33,4.76,71.74,27355146.0,0.0,37.851,1798979,2021,5.5,4.5,124.2,5.5,126.9,68.3,High
JAWA TENGAH,grobogan,12.74,7.11,10294.0,70.41,74.84,89.37,76.14,4.38,72.88,20115534.0,0.0,27.265,1798979,2021,5.5,4.5,124.2,5.5,126.9,68.3,High
JAWA TENGAH,blora,12.39,6.99,9669.0,69.37,74.51,90.51,94.84,3.81,70.54,18126447.0,0.0,23.987,1798979,2021,5.5,4.5,124.2,5.5,126.9,68.3,High
JAWA TENGAH,rembang,15.8,7.3,10519.0,70.43,74.61,89.94,95.36,3.67,70.67,13925516.0,0.0,18.944,1798979,2021,5.5,4.5,124.2,5.5,126.9,68.3,High
JAWA TENGAH,pati,10.21,7.48,10506.0,72.28,76.27,91.67,99.72,4.6,68.99,31559079.0,0.0,43.316,1798979,2021,5.5,4.5,124.2,5.5,126.9,68.3,High
JAWA TENGAH,kudus,7.6,8.76,11272.0,75.16,76.68,93.8,98.9,3.77,74.77,69556928.0,0.0,109.16,1798979,2021,5.5,4.5,124.2,5.5,126.9,68.3,High
JAWA TENGAH,jepara,7.44,7.79,10536.0,72.36,75.91,66.59,81.48,4.23,69.55,21944232.0,0.0,30.169,1798979,2021,5.5,4.5,124.2,5.5,126.9,68.3,High
JAWA TENGAH,demak,12.92,7.86,10248.0,72.57,75.46,91.38,96.71,5.28,66.23,18856416.0,0.0,26.54,1798979,2021,5.5,4.5,124.2,5.5,126.9,68.3,High
JAWA TENGAH,semarang,7.82,8.03,12070.0,74.24,75.79,91.01,98.25,5.02,74.1,35946100.0,0.0,49.034,1798979,2021,5.5,4.5,124.2,5.5,126.9,68.3,High
JAWA TENGAH,temanggung,10.17,7.25,9408.0,69.88,75.64,68.05,91.87,2.62,74.01,15387930.0,0.0,21.558,1798979,2021,5.5,4.5,124.2,5.5,126.9,68.3,High
JAWA TENGAH,kendal,10.24,7.46,11608.0,72.5,74.48,83.81,92.65,7.55,69.93,31632276.0,0.0,42.581,1798979,2021,5.5,4.5,124.2,5.5,126.9,68.3,High
JAWA TENGAH,batang,9.68,6.88,9524.0,68.92,74.74,66.96,98.38,6.59,71.4,15764266.0,0.0,21.619,1798979,2021,5.5,4.5,124.2,5.5,126.9,68.3,High
JAWA TENGAH,pekalongan,10.57,7.17,10409.0,70.11,73.74,78.57,96.2,4.28,71.46,16615066.0,0.0,22.803,1798979,2021,5.5,4.5,124.2,5.5,126.9,68.3,High
JAWA TENGAH,pemalang,16.56,6.45,8573.0,66.56,73.53,77.89,95.14,6.71,65.9,18916262.0,0.0,25.81,1798979,2021,5.5,4.5,124.2,5.5,126.9,68.3,High
JAWA TENGAH,tegal,8.6,6.99,9700.0,68.79,71.72,84.23,98.87,9.97,66.24,25402911.0,0.0,35.32,1798979,2021,5.5,4.5,124.2,5.5,126.9,68.3,High
JAWA TENGAH,brebes,17.43,6.22,10152.0,66.32,69.54,80.1,92.6,9.78,63.97,33456328.0,0.0,47.143,1798979,2021,5.5,4.5,124.2,5.5,126.9,68.3,High
JAWA TENGAH,kota magelang,7.75,10.62,12349.0,79.43,76.93,84.04,100.0,8.73,67.07,6513895.0,0.0,8.722,1798979,2021,5.5,4.5,124.2,5.5,126.9,68.3,High
JAWA TENGAH,kota surakarta,9.4,10.9,14911.0,82.62,77.32,88.73,99.82,7.85,66.89,36211248.0,0.0,47.645,1798979,2021,5.5,4.5,124.2,5.5,126.9,68.3,High
JAWA TENGAH,kota salatiga,5.14,10.66,15843.0,83.6,77.55,98.07,98.78,7.26,70.36,9820287.0,0.0,13.27,1798979,2021,5.5,4.5,124.2,5.5,126.9,68.3,High
JAWA TENGAH,kota semarang,4.56,10.78,15425.0,83.55,77.51,93.67,98.42,9.54,69.41,144710663.0,0.0,189.256,1798979,2021,5.5,4.5,124.2,5.5,126.9,68.3,High
JAWA TENGAH,kota pekalongan,7.59,9.18,12598.0,75.4,74.44,94.62,99.28,6.89,75.77,7601486.0,0.0,10.819,1798979,2021,5.5,4.5,124.2,5.5,126.9,68.3,High
JAWA TENGAH,kota tegal,8.12,8.73,13143.0,75.52,74.54,92.77,100.0,8.25,68.25,11290269.0,0.0,15.239,1798979,2021,5.5,4.5,124.2,5.5,126.9,68.3,High
DI YOGYAKARTA,kulon progo,18.38,9.02,10069.0,74.71,75.27,95.95,89.33,3.69,76.72,8778800.0,0.0,11.655,1765000,2021,6.0,5.5,106.6,7.0,116.1,70.55,High
DI YOGYAKARTA,bantul,14.04,9.57,15545.0,80.28,73.89,96.2,96.11,4.04,71.64,19773332.0,0.0,26.163,1765000,2021,6.0,5.5,106.6,7.0,116.1,70.55,High
DI YOGYAKARTA,gunung kidul,17.69,7.3,9505.0,70.16,74.19,96.0,94.7,2.2,75.99,14216362.0,0.0,18.974,1765000,2021,6.0,5.5,106.6,7.0,116.1,70.55,High
DI YOGYAKARTA,sleman,8.64,10.92,16060.0,84.0,74.92,98.41,96.26,5.17,73.05,35786977.0,0.0,45.833,1765000,2021,6.0,5.5,106.6,7.0,116.1,70.55,High
DI YOGYAKARTA,kota yogyakarta,7.69,11.72,18801.0,87.18,74.76,98.17,100.0,9.13,71.86,28390085.0,0.0,35.768,1765000,2021,6.0,5.5,106.6,7.0,116.1,70.55,High
JAWA TIMUR,pacitan,15.11,7.61,8887.0,68.57,72.07,71.7,76.71,2.04,80.57,11107402.0,0.0,15.785,1868777,2021,5.5,4.5,102.0,5.5,112.6,64.2,High
JAWA TIMUR,ponorogo,10.26,7.55,9851.0,71.06,72.85,87.49,96.3,4.38,72.63,14619969.0,0.0,20.513,1868777,2021,5.5,4.5,102.0,5.5,112.6,64.2,High
JAWA TIMUR,trenggalek,12.14,7.56,9743.0,70.06,73.86,75.48,75.78,3.53,72.36,12959018.0,0.0,18.314,1868777,2021,5.5,4.5,102.0,5.5,112.6,64.2,High
JAWA TIMUR,tulungagung,7.51,8.34,10807.0,73.15,74.16,85.37,97.4,4.91,72.26,27390424.0,0.0,38.226,1868777,2021,5.5,4.5,102.0,5.5,112.6,64.2,High
JAWA TIMUR,blitar,9.65,7.5,10757.0,71.05,73.61,75.67,93.33,3.66,70.44,25700019.0,0.0,36.024,1868777,2021,5.5,4.5,102.0,5.5,112.6,64.2,High
JAWA TIMUR,kediri,11.64,8.08,11127.0,72.56,72.65,86.92,96.35,5.15,69.34,29361672.0,0.0,40.627,1868777,2021,5.5,4.5,102.0,5.5,112.6,64.2,High
JAWA TIMUR,malang,10.5,7.43,10163.0,70.6,72.61,80.79,94.14,5.4,68.49,68619103.0,0.0,102.028,1868777,2021,5.5,4.5,102.0,5.5,112.6,64.2,High
JAWA TIMUR,lumajang,10.05,6.67,9203.0,66.07,70.21,83.24,95.73,3.51,66.19,22623402.0,0.0,32.062,1868777,2021,5.5,4.5,102.0,5.5,112.6,64.2,High
JAWA TIMUR,jember,10.41,6.49,9410.0,67.32,69.28,64.17,94.35,5.44,68.97,54688719.0,0.0,76.04,1868777,2021,5.5,4.5,102.0,5.5,112.6,64.2,High
JAWA TIMUR,banyuwangi,8.07,7.42,12217.0,71.38,70.72,81.15,94.16,5.42,72.32,55471065.0,0.0,81.103,1868777,2021,5.5,4.5,102.0,5.5,112.6,64.2,High
JAWA TIMUR,bondowoso,14.73,5.94,10690.0,66.59,66.89,52.82,93.44,4.46,73.89,13921654.0,0.0,19.936,1868777,2021,5.5,4.5,102.0,5.5,112.6,64.2,High
JAWA TIMUR,situbondo,12.63,6.62,9996.0,67.78,69.24,59.79,98.88,3.68,71.63,13715834.0,0.0,20.042,1868777,2021,5.5,4.5,102.0,5.5,112.6,64.2,High
JAWA TIMUR,probolinggo,18.91,6.12,10969.0,66.26,67.36,62.14,93.18,4.55,73.24,23664388.0,0.0,33.721,1868777,2021,5.5,4.5,102.0,5.5,112.6,64.2,High
JAWA TIMUR,pasuruan,9.7,7.41,10297.0,68.93,70.25,82.92,97.36,6.03,69.03,107630268.0,0.0,145.592,1868777,2021,5.5,4.5,102.0,5.5,112.6,64.2,High
JAWA TIMUR,sidoarjo,5.93,10.72,14578.0,80.65,74.06,95.05,96.82,10.87,66.47,141000359.0,0.0,197.241,1868777,2021,5.5,4.5,102.0,5.5,112.6,64.2,High
JAWA TIMUR,mojokerto,10.62,8.64,12844.0,74.15,72.59,87.34,98.37,5.54,70.47,60198699.0,0.0,81.941,1868777,2021,5.5,4.5,102.0,5.5,112.6,64.2,High
JAWA TIMUR,jombang,10.0,8.55,11394.0,73.45,72.49,90.95,99.44,7.09,70.69,28553448.0,0.0,39.871,1868777,2021,5.5,4.5,102.0,5.5,112.6,64.2,High
JAWA TIMUR,nganjuk,11.85,7.78,12172.0,71.97,71.6,81.84,99.03,4.98,64.24,18640685.0,0.0,26.601,1868777,2021,5.5,4.5,102.0,5.5,112.6,64.2,High
JAWA TIMUR,madiun,11.91,7.82,11658.0,71.88,71.5,89.09,95.1,4.99,67.77,13372330.0,0.0,18.917,1868777,2021,5.5,4.5,102.0,5.5,112.6,64.2,High
JAWA TIMUR,magetan,10.66,8.36,11833.0,74.15,72.65,88.4,99.9,3.86,73.31,13417032.0,0.0,18.772,1868777,2021,5.5,4.5,102.0,5.5,112.6,64.2,High
JAWA TIMUR,ngawi,15.57,7.26,11459.0,71.04,72.41,79.35,99.92,4.25,72.88,13823456.0,0.0,20.271,1868777,2021,5.5,4.5,102.0,5.5,112.6,64.2,High
JAWA TIMUR,bojonegoro,13.27,7.38,10221.0,69.59,71.72,90.96,97.24,4.82,71.84,65839509.0,0.0,70.259,1868777,2021,5.5,4.5,102.0,5.5,112.6,64.2,High
JAWA TIMUR,tuban,16.31,7.18,10380.0,68.91,71.56,83.8,96.4,4.68,73.77,43984689.0,0.0,62.323,1868777,2021,5.5,4.5,102.0,5.5,112.6,64.2,High
JAWA TIMUR,lamongan,13.86,8.04,11510.0,73.12,72.49,89.7,81.98,4.9,70.72,27896543.0,0.0,39.17,1868777,2021,5.5,4.5,102.0,5.5,112.6,64.2,High
JAWA TIMUR,gresik,12.42,9.56,13280.0,76.5,72.67,91.56,88.99,8.0,69.43,101318686.0,0.0,134.269,1868777,2021,5.5,4.5,102.0,5.5,112.6,64.2,High
JAWA TIMUR,bangkalan,21.57,5.96,8673.0,64.36,70.22,39.44,97.39,8.07,68.66,17152779.0,1.0,23.29,1868777,2021,5.5,4.5,102.0,5.5,112.6,64.2,High
JAWA TIMUR,sampang,23.76,4.86,8790.0,62.8,68.07,76.22,89.34,3.45,70.19,13984568.0,1.0,19.843,1868777,2021,5.5,4.5,102.0,5.5,112.6,64.2,High
JAWA TIMUR,pamekasan,15.3,6.7,8804.0,66.4,67.67,70.85,89.15,3.1,65.88,11496236.0,0.0,16.794,1868777,2021,5.5,4.5,102.0,5.5,112.6,64.2,High
JAWA TIMUR,sumenep,20.51,5.92,9000.0,67.04,71.56,65.66,98.29,2.31,75.63,24161351.0,1.0,32.75,1868777,2021,5.5,4.5,102.0,5.5,112.6,64.2,High
JAWA TIMUR,kota kediri,7.75,10.15,12359.0,78.6,74.04,95.75,98.95,6.37,67.35,86485594.0,0.0,132.406,1868777,2021,5.5,4.5,102.0,5.5,112.6,64.2,High
JAWA TIMUR,kota blitar,7.89,10.35,13816.0,78.98,73.86,96.77,97.08,6.61,69.96,4924572.0,0.0,6.708,1868777,2021,5.5,4.5,102.0,5.5,112.6,64.2,High
JAWA TIMUR,kota malang,4.62,10.41,16663.0,82.04,73.36,87.08,99.93,9.65,67.59,53309702.0,0.0,72.163,1868777,2021,5.5,4.5,102.0,5.5,112.6,64.2,High
JAWA TIMUR,kota probolinggo,7.44,8.95,12245.0,73.66,70.35,89.77,99.66,6.55,69.71,8361142.0,0.0,11.075,1868777,2021,5.5,4.5,102.0,5.5,112.6,64.2,High
JAWA TIMUR,kota pasuruan,6.88,9.33,13354.0,75.62,71.6,92.1,99.65,6.23,71.66,5914585.0,0.0,8.047,1868777,2021,5.5,4.5,102.0,5.5,112.6,64.2,High
JAWA TIMUR,kota mojokerto,6.39,10.47,13610.0,78.43,73.39,95.49,99.63,6.87,67.09,4976490.0,0.0,6.588,1868777,2021,5.5,4.5,102.0,5.5,112.6,64.2,High
JAWA TIMUR,kota madiun,5.09,11.37,16095.0,81.25,72.83,97.31,99.53,8.15,66.87,10748101.0,0.0,13.769,1868777,2021,5.5,4.5,102.0,5.5,112.6,64.2,High
JAWA TIMUR,kota surabaya,5.23,10.5,17862.0,82.31,74.18,95.2,98.06,9.68,67.3,407726799.0,0.0,554.509,1868777,2021,5.5,4.5,102.0,5.5,112.6,64.2,High
JAWA TIMUR,kota batu,4.09,9.31,12887.0,76.28,72.65,95.57,100.0,6.57,73.74,11471435.0,0.0,15.917,1868777,2021,5.5,4.5,102.0,5.5,112.6,64.2,High
BANTEN,pandeglang,10.72,7.11,8635.0,65.17,64.79,49.11,82.01,7.7,62.32,20127757.0,0.0,28.493,2460996,2021,5.0,4.5,100.2,5.5,110.0,61.78,High
BANTEN,lebak,10.29,6.41,8724.0,64.03,67.33,56.82,73.32,7.86,66.75,21245043.0,0.0,29.077,2460996,2021,5.0,4.5,100.2,5.5,110.0,61.78,High
BANTEN,tangerang,7.12,8.61,12273.0,72.29,69.93,85.89,97.97,9.06,63.94,97809902.0,0.0,136.005,2460996,2021,5.0,4.5,100.2,5.5,110.0,61.78,High
BANTEN,serang,5.49,7.51,10713.0,66.82,64.76,80.34,92.33,10.58,63.86,54992522.0,0.0,76.601,2460996,2021,5.0,4.5,100.2,5.5,110.0,61.78,High
BANTEN,kota tangerang,5.93,10.83,14575.0,78.5,71.6,94.94,98.0,9.07,64.52,106705227.0,0.0,143.84,2460996,2021,5.0,4.5,100.2,5.5,110.0,61.78,High
BANTEN,kota cilegon,4.24,10.08,13041.0,73.35,66.69,97.07,98.72,10.13,61.37,77071368.0,0.0,103.182,2460996,2021,5.0,4.5,100.2,5.5,110.0,61.78,High
BANTEN,kota serang,6.79,8.89,13281.0,72.44,68.12,90.76,98.38,9.41,62.16,23374085.0,0.0,31.58,2460996,2021,5.0,4.5,100.2,5.5,110.0,61.78,High
BANTEN,kota tangerang selatan,2.57,11.82,15751.0,81.6,72.47,98.84,99.22,8.6,62.56,62364158.0,0.0,82.551,2460996,2021,5.0,4.5,100.2,5.5,110.0,61.78,High
BALI,jembrana,5.06,8.35,11675.0,72.75,72.46,96.24,92.11,4.11,81.26,8892801.0,0.0,13.465,2494000,2021,5.5,4.5,82.0,5.5,100.2,59.8,Moderate
BALI,tabanan,5.12,9.14,14326.0,76.45,73.75,98.34,98.15,3.94,74.98,14516578.0,0.0,22.331,2494000,2021,5.5,4.5,82.0,5.5,100.2,59.8,Moderate
BALI,badung,2.62,10.62,17327.0,81.83,75.18,99.59,100.0,6.93,72.52,29049519.0,0.0,49.215,2494000,2021,5.5,4.5,82.0,5.5,100.2,59.8,Moderate
BALI,gianyar,4.85,9.29,14391.0,77.7,73.78,93.48,98.71,6.9,69.88,17254614.0,0.0,25.915,2494000,2021,5.5,4.5,82.0,5.5,100.2,59.8,Moderate
BALI,klungkung,5.64,8.14,11287.0,71.75,71.41,95.91,99.96,5.35,72.83,5595883.0,0.0,8.468,2494000,2021,5.5,4.5,82.0,5.5,100.2,59.8,Moderate
BALI,bangli,5.09,7.18,11201.0,69.37,70.62,87.01,91.16,1.8,82.09,4384701.0,0.0,6.722,2494000,2021,5.5,4.5,82.0,5.5,100.2,59.8,Moderate
BALI,karang asem,6.78,6.33,10175.0,67.36,70.56,87.36,98.45,2.32,81.15,10570603.0,0.0,16.453,2494000,2021,5.5,4.5,82.0,5.5,100.2,59.8,Moderate
BALI,buleleng,6.12,7.25,13362.0,72.56,71.95,94.15,93.38,5.38,73.08,21797733.0,0.0,33.359,2494000,2021,5.5,4.5,82.0,5.5,100.2,59.8,Moderate
BALI,kota denpasar,2.96,11.48,19598.0,84.03,74.93,99.97,100.0,7.02,68.67,32447056.0,0.0,49.583,2494000,2021,5.5,4.5,82.0,5.5,100.2,59.8,Moderate
NUSA TENGGARA BARAT,lombok barat,14.47,6.42,11334.0,68.61,67.19,74.1,91.76,3.32,70.48,10472388.0,0.0,14.563,2183883,2021,4.5,3.5,81.1,5.5,107.7,56.41,Moderate
NUSA TENGGARA BARAT,lombok tengah,13.44,6.29,9962.0,66.72,66.38,79.14,92.52,2.33,75.05,12037665.0,0.0,16.67,2183883,2021,4.5,3.5,81.1,5.5,107.7,56.41,Moderate
NUSA TENGGARA BARAT,lombok timur,15.38,6.71,9450.0,66.66,66.16,84.54,95.0,2.79,69.48,14410804.0,0.0,20.026,2183883,2021,4.5,3.5,81.1,5.5,107.7,56.41,Moderate
NUSA TENGGARA BARAT,sumbawa,13.91,8.15,9167.0,68.01,67.73,88.01,96.88,3.39,66.86,10221006.0,0.0,14.458,2183883,2021,4.5,3.5,81.1,5.5,107.7,56.41,Moderate
NUSA TENGGARA BARAT,dompu,12.6,8.72,8899.0,68.45,66.99,83.72,96.57,3.02,67.56,4979197.0,0.0,7.064,2183883,2021,4.5,3.5,81.1,5.5,107.7,56.41,Moderate
NUSA TENGGARA BARAT,bima,14.88,7.91,8495.0,66.66,66.5,81.04,96.4,1.58,71.65,8085529.0,0.0,11.418,2183883,2021,4.5,3.5,81.1,5.5,107.7,56.41,Moderate
NUSA TENGGARA BARAT,sumbawa barat,13.54,8.72,11548.0,71.85,68.31,92.93,95.41,5.52,71.02,16416012.0,0.0,22.761,2183883,2021,4.5,3.5,81.1,5.5,107.7,56.41,Moderate
NUSA TENGGARA BARAT,lombok utara,27.04,6.04,9057.0,64.77,67.36,79.23,88.35,1.75,73.43,3262262.0,1.0,4.549,2183883,2021,4.5,3.5,81.1,5.5,107.7,56.41,Moderate
NUSA TENGGARA BARAT,kota mataram,8.65,9.54,14999.0,79.14,71.88,91.63,98.16,5.19,65.61,13476129.0,0.0,18.682,2183883,2021,4.5,3.5,81.1,5.5,107.7,56.41,Moderate
NUSA TENGGARA BARAT,kota bima,8.88,10.65,11135.0,76.11,70.5,90.68,99.93,3.56,75.46,2939133.0,0.0,4.134,2183883,2021,4.5,3.5,81.1,5.5,107.7,56.41,Moderate
NUSA TENGGARA TIMUR,sumba barat,28.39,6.84,7307.0,63.83,67.12,54.33,86.7,1.74,74.14,1452224.0,1.0,2.352,1950000,2021,5.0,4.5,95.8,5.5,114.3,63.0,High
NUSA TENGGARA TIMUR,sumba timur,29.68,7.32,9354.0,65.74,65.16,69.06,79.63,3.35,72.39,4009592.0,1.0,6.257,1950000,2021,5.0,4.5,95.8,5.5,114.3,63.0,High
NUSA TENGGARA TIMUR,kupang,22.98,7.39,7476.0,64.41,64.91,74.92,84.61,3.99,73.76,4885118.0,1.0,7.764,1950000,2021,5.0,4.5,95.8,5.5,114.3,63.0,High
NUSA TENGGARA TIMUR,timor tengah selatan,26.64,6.74,6839.0,62.16,66.46,50.15,61.59,2.57,78.59,4883924.0,1.0,7.946,1950000,2021,5.0,4.5,95.8,5.5,114.3,63.0,High
NUSA TENGGARA TIMUR,timor tengah utara,22.62,7.96,6324.0,63.69,67.09,70.03,87.35,3.88,78.41,2949220.0,1.0,4.087,1950000,2021,5.0,4.5,95.8,5.5,114.3,63.0,High
NUSA TENGGARA TIMUR,belu,15.68,7.36,7431.0,62.77,64.89,71.8,88.28,5.35,70.81,3020198.0,0.0,4.552,1950000,2021,5.0,4.5,95.8,5.5,114.3,63.0,High
NUSA TENGGARA TIMUR,alor,21.09,8.42,6751.0,61.37,61.64,83.16,74.43,2.59,72.4,2045994.0,1.0,3.052,1950000,2021,5.0,4.5,95.8,5.5,114.3,63.0,High
NUSA TENGGARA TIMUR,lembata,26.21,8.23,7257.0,64.75,67.2,91.88,92.91,4.94,68.24,1180363.0,1.0,1.855,1950000,2021,5.0,4.5,95.8,5.5,114.3,63.0,High
NUSA TENGGARA TIMUR,flores timur,11.14,7.72,7578.0,64.22,65.31,93.06,99.04,3.81,71.8,3517877.0,0.0,5.319,1950000,2021,5.0,4.5,95.8,5.5,114.3,63.0,High
NUSA TENGGARA TIMUR,sikka,13.35,6.95,8021.0,65.41,67.45,83.14,92.11,4.54,73.92,3371315.0,0.0,5.115,1950000,2021,5.0,4.5,95.8,5.5,114.3,63.0,High
NUSA TENGGARA TIMUR,ende,24.13,8.03,9027.0,67.3,65.43,86.63,98.0,2.61,77.57,4162984.0,1.0,6.076,1950000,2021,5.0,4.5,95.8,5.5,114.3,63.0,High
NUSA TENGGARA TIMUR,ngada,12.58,8.53,8819.0,67.88,68.12,91.4,94.55,2.99,72.49,2335872.0,0.0,3.494,1950000,2021,5.0,4.5,95.8,5.5,114.3,63.0,High
NUSA TENGGARA TIMUR,manggarai,20.48,7.61,7133.0,65.01,67.11,72.84,91.68,3.7,77.6,3025880.0,1.0,4.653,1950000,2021,5.0,4.5,95.8,5.5,114.3,63.0,High
NUSA TENGGARA TIMUR,rote ndao,28.08,7.71,6503.0,62.6,64.88,87.53,92.31,3.67,74.16,1971699.0,1.0,3.172,1950000,2021,5.0,4.5,95.8,5.5,114.3,63.0,High
NUSA TENGGARA TIMUR,manggarai barat,17.92,7.56,7410.0,64.17,67.46,72.81,90.63,4.94,73.18,2296768.0,0.0,3.519,1950000,2021,5.0,4.5,95.8,5.5,114.3,63.0,High
NUSA TENGGARA TIMUR,sumba tengah,34.27,6.47,6061.0,61.8,68.42,50.54,60.68,1.45,69.12,767260.0,1.0,1.196,1950000,2021,5.0,4.5,95.8,5.5,114.3,63.0,High
NUSA TENGGARA TIMUR,sumba barat daya,28.18,6.35,6355.0,62.29,68.57,42.15,82.75,2.04,83.33,2355164.0,1.0,3.769,1950000,2021,5.0,4.5,95.8,5.5,114.3,63.0,High
NUSA TENGGARA TIMUR,nagekeo,12.91,7.9,8254.0,65.82,67.25,89.07,94.29,0.97,67.19,1406360.0,0.0,2.274,1950000,2021,5.0,4.5,95.8,5.5,114.3,63.0,High
NUSA TENGGARA TIMUR,manggarai timur,26.5,7.35,5780.0,61.37,68.07,46.98,75.63,1.96,81.95,2086842.0,1.0,3.292,1950000,2021,5.0,4.5,95.8,5.5,114.3,63.0,High
NUSA TENGGARA TIMUR,sabu raijua,30.13,6.66,5256.0,57.03,60.66,81.28,49.98,1.25,68.82,785138.0,1.0,1.428,1950000,2021,5.0,4.5,95.8,5.5,114.3,63.0,High
NUSA TENGGARA TIMUR,malaka,16.33,7.1,5861.0,60.42,65.01,71.08,86.02,3.43,70.1,1915540.0,0.0,2.833,1950000,2021,5.0,4.5,95.8,5.5,114.3,63.0,High
NUSA TENGGARA TIMUR,kota kupang,9.17,11.6,13218.0,79.74,69.73,89.86,96.59,9.76,62.34,16530278.0,0.0,23.912,1950000,2021,5.0,4.5,95.8,5.5,114.3,63.0,High
KALIMANTAN BARAT,sambas,7.66,6.72,9828.0,67.1,69.08,92.66,95.6,3.97,72.84,13948120.0,0.0,20.675,2399698,2021,4.5,3.5,96.8,4.5,105.1,57.46,Moderate
KALIMANTAN BARAT,bengkayang,6.48,6.8,9193.0,68.04,73.84,82.17,74.51,4.42,70.16,5842930.0,0.0,8.674,2399698,2021,4.5,3.5,96.8,4.5,105.1,57.46,Moderate
KALIMANTAN BARAT,landak,10.99,7.12,7431.0,66.21,73.04,62.85,65.54,3.22,70.19,7312662.0,0.0,10.746,2399698,2021,4.5,3.5,96.8,4.5,105.1,57.46,Moderate
KALIMANTAN BARAT,pontianak,5.18,7.04,7758.0,66.03,71.18,83.95,88.86,7.71,60.86,5466323.0,0.0,8.546,2399698,2021,4.5,3.5,96.8,4.5,105.1,57.46,Moderate
KALIMANTAN BARAT,sanggau,4.55,7.39,8328.0,66.2,71.42,70.34,81.68,3.45,69.41,13790449.0,0.0,19.951,2399698,2021,4.5,3.5,96.8,4.5,105.1,57.46,Moderate
KALIMANTAN BARAT,ketapang,10.13,7.46,9209.0,67.43,71.11,75.46,57.25,6.94,64.44,18848703.0,0.0,28.13,2399698,2021,4.5,3.5,96.8,4.5,105.1,57.46,Moderate
KALIMANTAN BARAT,sintang,9.28,7.08,8708.0,66.93,71.84,65.33,52.13,3.95,77.78,9731976.0,0.0,14.714,2399698,2021,4.5,3.5,96.8,4.5,105.1,57.46,Moderate
KALIMANTAN BARAT,kapuas hulu,8.93,7.53,7168.0,65.75,72.53,69.7,77.0,4.18,72.35,6510868.0,0.0,10.288,2399698,2021,4.5,3.5,96.8,4.5,105.1,57.46,Moderate
KALIMANTAN BARAT,sekadau,6.26,6.85,7462.0,64.93,72.05,69.63,48.85,2.92,71.98,4435321.0,0.0,6.569,2399698,2021,4.5,3.5,96.8,4.5,105.1,57.46,Moderate
KALIMANTAN BARAT,melawi,12.01,6.91,8415.0,65.87,72.98,71.62,66.05,2.66,72.31,3500136.0,0.0,5.234,2399698,2021,4.5,3.5,96.8,4.5,105.1,57.46,Moderate
KALIMANTAN BARAT,kayong utara,9.33,6.02,7920.0,62.9,68.48,71.34,98.84,3.78,65.53,2632989.0,0.0,4.209,2399698,2021,4.5,3.5,96.8,4.5,105.1,57.46,Moderate
KALIMANTAN BARAT,kubu raya,4.34,7.0,8630.0,68.16,70.69,75.74,96.76,7.02,67.47,18754974.0,0.0,28.932,2399698,2021,4.5,3.5,96.8,4.5,105.1,57.46,Moderate
KALIMANTAN BARAT,kota pontianak,4.58,10.43,14610.0,79.93,73.12,96.48,96.3,12.38,61.94,24919417.0,0.0,37.685,2399698,2021,4.5,3.5,96.8,4.5,105.1,57.46,Moderate
KALIMANTAN BARAT,kota singkawang,4.83,7.9,11767.0,72.11,72.18,92.21,89.96,9.16,64.31,6977774.0,0.0,10.141,2399698,2021,4.5,3.5,96.8,4.5,105.1,57.46,Moderate
KALIMANTAN TENGAH,kotawaringin barat,3.95,8.53,13117.0,73.07,70.68,90.73,86.62,4.7,70.01,13733984.0,0.0,20.524,2903144,2021,4.5,4.0,113.3,5.0,112.7,60.38,Moderate
KALIMANTAN TENGAH,kotawaringin timur,5.91,8.15,11866.0,71.38,69.9,72.62,85.37,5.15,66.57,18269734.0,0.0,26.957,2903144,2021,4.5,4.0,113.3,5.0,112.7,60.38,Moderate
KALIMANTAN TENGAH,kapuas,5.35,7.6,11148.0,69.63,68.78,49.23,71.11,4.91,70.23,11306032.0,0.0,16.543,2903144,2021,4.5,4.0,113.3,5.0,112.7,60.38,Moderate
KALIMANTAN TENGAH,barito selatan,4.62,8.95,11492.0,70.54,67.19,63.66,54.41,4.16,63.48,4326702.0,0.0,6.277,2903144,2021,4.5,4.0,113.3,5.0,112.7,60.38,Moderate
KALIMANTAN TENGAH,barito utara,5.61,8.85,9951.0,70.79,71.3,72.23,60.0,5.14,70.45,7151778.0,0.0,9.392,2903144,2021,4.5,4.0,113.3,5.0,112.7,60.38,Moderate
KALIMANTAN TENGAH,sukamara,3.66,8.09,8773.0,68.27,71.56,81.37,86.1,4.65,71.82,3043322.0,0.0,4.422,2903144,2021,4.5,4.0,113.3,5.0,112.7,60.38,Moderate
KALIMANTAN TENGAH,lamandau,3.56,8.43,11234.0,70.58,69.39,81.89,67.26,2.3,70.44,3968760.0,0.0,5.774,2903144,2021,4.5,4.0,113.3,5.0,112.7,60.38,Moderate
KALIMANTAN TENGAH,seruyan,7.22,7.96,9420.0,67.67,69.26,75.65,61.04,4.25,71.46,6033556.0,0.0,8.768,2903144,2021,4.5,4.0,113.3,5.0,112.7,60.38,Moderate
KALIMANTAN TENGAH,katingan,5.25,8.68,10568.0,68.89,65.87,73.65,83.35,5.5,64.38,5087479.0,0.0,8.307,2903144,2021,4.5,4.0,113.3,5.0,112.7,60.38,Moderate
KALIMANTAN TENGAH,pulang pisau,4.24,8.19,10082.0,68.53,68.1,63.1,87.5,2.6,73.45,3596824.0,0.0,5.589,2903144,2021,4.5,4.0,113.3,5.0,112.7,60.38,Moderate
KALIMANTAN TENGAH,gunung mas,5.35,9.18,10809.0,71.03,70.46,84.88,62.89,3.11,69.7,3804709.0,0.0,6.27,2903144,2021,4.5,4.0,113.3,5.0,112.7,60.38,Moderate
KALIMANTAN TENGAH,barito timur,6.38,9.23,11322.0,71.47,68.31,77.92,67.21,3.22,78.4,5336339.0,0.0,7.103,2903144,2021,4.5,4.0,113.3,5.0,112.7,60.38,Moderate
KALIMANTAN TENGAH,murung raya,6.15,7.61,10449.0,68.12,69.53,59.18,61.05,3.03,67.62,5975994.0,0.0,7.762,2903144,2021,4.5,4.0,113.3,5.0,112.7,60.38,Moderate
KALIMANTAN TENGAH,kota palangka raya,3.75,11.53,14070.0,80.82,73.24,92.38,99.92,5.86,63.3,11031469.0,0.0,18.285,2903144,2021,4.5,4.0,113.3,5.0,112.7,60.38,Moderate
KALIMANTAN SELATAN,tanah laut,4.57,7.89,11310.0,69.87,69.59,66.42,63.52,3.52,72.27,10516399.0,0.0,13.784,2877448,2021,5.0,4.5,92.6,5.5,104.3,60.85,Moderate
KALIMANTAN SELATAN,kota baru,4.86,7.46,11720.0,69.13,69.32,70.96,64.08,5.57,67.5,17887219.0,0.0,23.97,2877448,2021,5.0,4.5,92.6,5.5,104.3,60.85,Moderate
KALIMANTAN SELATAN,banjar,3.04,7.52,12707.0,69.89,67.41,77.19,65.72,3.98,70.84,12108903.0,0.0,16.534,2877448,2021,5.0,4.5,92.6,5.5,104.3,60.85,Moderate
KALIMANTAN SELATAN,barito kuala,5.11,7.55,9868.0,66.64,66.27,55.29,65.15,3.22,75.48,5942832.0,0.0,8.713,2877448,2021,5.0,4.5,92.6,5.5,104.3,60.85,Moderate
KALIMANTAN SELATAN,tapin,3.6,7.77,11952.0,70.31,70.57,79.28,78.59,4.96,70.31,6575521.0,0.0,8.396,2877448,2021,5.0,4.5,92.6,5.5,104.3,60.85,Moderate
KALIMANTAN SELATAN,hulu sungai selatan,4.84,7.76,12736.0,69.21,66.12,83.69,72.32,2.44,69.25,4844532.0,0.0,6.565,2877448,2021,5.0,4.5,92.6,5.5,104.3,60.85,Moderate
KALIMANTAN SELATAN,hulu sungai tengah,6.18,8.01,12280.0,69.05,66.2,87.62,90.76,3.76,70.2,4978193.0,0.0,7.054,2877448,2021,5.0,4.5,92.6,5.5,104.3,60.85,Moderate
KALIMANTAN SELATAN,hulu sungai utara,6.83,7.75,9644.0,66.12,64.1,88.09,88.01,4.8,71.41,3409822.0,0.0,4.966,2877448,2021,5.0,4.5,92.6,5.5,104.3,60.85,Moderate
KALIMANTAN SELATAN,tabalong,6.27,9.11,11470.0,72.6,70.57,96.54,72.5,3.43,71.49,14957253.0,0.0,17.757,2877448,2021,5.0,4.5,92.6,5.5,104.3,60.85,Moderate
KALIMANTAN SELATAN,tanah bumbu,4.82,7.97,11844.0,71.0,70.45,86.7,62.41,6.83,68.29,16047002.0,0.0,19.892,2877448,2021,5.0,4.5,92.6,5.5,104.3,60.85,Moderate
KALIMANTAN SELATAN,balangan,6.07,7.69,11500.0,69.11,67.85,89.42,76.08,2.44,75.38,9477288.0,0.0,10.723,2877448,2021,5.0,4.5,92.6,5.5,104.3,60.85,Moderate
KALIMANTAN SELATAN,kota banjarmasin,4.89,10.2,14432.0,77.57,71.29,91.48,99.67,8.47,63.19,22672492.0,0.0,32.723,2877448,2021,5.0,4.5,92.6,5.5,104.3,60.85,Moderate
KALIMANTAN SELATAN,kota banjar baru,4.4,10.96,13789.0,79.26,72.1,89.11,84.78,5.7,65.95,6321365.0,0.0,9.564,2877448,2021,5.0,4.5,92.6,5.5,104.3,60.85,Moderate
KALIMANTAN TIMUR,paser,9.73,8.79,10673.0,72.93,72.88,81.31,62.79,5.7,65.34,36588972.0,0.0,43.337,2981378,2021,5.5,4.5,91.8,5.5,112.9,64.85,High
KALIMANTAN TIMUR,kutai barat,10.24,8.7,10062.0,72.07,73.1,87.81,67.08,5.14,72.53,21509219.0,0.0,27.26,2981378,2021,5.5,4.5,91.8,5.5,112.9,64.85,High
KALIMANTAN TIMUR,kutai kartanegara,7.99,9.23,11048.0,74.06,72.64,84.22,76.8,5.66,64.46,124178505.0,0.0,149.058,2981378,2021,5.5,4.5,91.8,5.5,112.9,64.85,High
KALIMANTAN TIMUR,kutai timur,9.81,9.43,10868.0,73.81,73.46,86.52,78.97,5.35,67.97,91906125.0,0.0,115.796,2981378,2021,5.5,4.5,91.8,5.5,112.9,64.85,High
KALIMANTAN TIMUR,berau,5.88,9.53,12435.0,75.2,72.32,88.4,87.34,5.82,65.55,28802736.0,0.0,35.469,2981378,2021,5.5,4.5,91.8,5.5,112.9,64.85,High
KALIMANTAN TIMUR,penajam paser utara,7.61,8.36,11651.0,72.01,71.68,84.53,78.76,2.95,66.85,6492343.0,0.0,9.052,2981378,2021,5.5,4.5,91.8,5.5,112.9,64.85,High
KALIMANTAN TIMUR,mahakam hulu,11.9,8.18,7802.0,67.95,72.33,91.67,49.45,3.14,74.83,1786101.0,0.0,2.77,2981378,2021,5.5,4.5,91.8,5.5,112.9,64.85,High
KALIMANTAN TIMUR,kota balikpapan,2.89,10.91,14862.0,80.71,74.76,93.25,99.72,8.94,64.29,86796991.0,0.0,103.6,2981378,2021,5.5,4.5,91.8,5.5,112.9,64.85,High
KALIMANTAN TIMUR,kota samarinda,4.99,10.49,14582.0,80.76,74.54,97.17,96.53,8.16,64.29,46282119.0,0.0,66.542,2981378,2021,5.5,4.5,91.8,5.5,112.9,64.85,High
KALIMANTAN TIMUR,kota bontang,4.62,10.8,16765.0,80.59,74.55,93.95,99.85,9.92,66.63,39949434.0,0.0,56.555,2981378,2021,5.5,4.5,91.8,5.5,112.9,64.85,High
KALIMANTAN UTARA,malinau,7.3,9.4,9928.0,72.32,71.49,67.88,70.85,4.14,71.49,8190168.0,0.0,11.198,3000804,2021,4.5,3.5,95.5,4.5,111.4,56.12,Moderate
KALIMANTAN UTARA,bulungan,10.03,9.19,9423.0,71.8,72.74,93.04,75.44,4.54,68.62,12014801.0,0.0,18.719,3000804,2021,4.5,3.5,95.5,4.5,111.4,56.12,Moderate
KALIMANTAN UTARA,tana tidung,5.15,8.8,7676.0,67.76,71.49,83.29,85.88,5.26,67.35,3818805.0,0.0,5.751,3000804,2021,4.5,3.5,95.5,4.5,111.4,56.12,Moderate
KALIMANTAN UTARA,nunukan,6.79,8.17,7064.0,66.46,71.4,78.49,85.46,4.24,66.11,16353329.0,0.0,26.299,3000804,2021,4.5,3.5,95.5,4.5,111.4,56.12,Moderate
KALIMANTAN UTARA,kota tarakan,6.71,9.98,11261.0,76.23,74.04,77.58,98.73,4.94,63.34,22965209.0,0.0,38.111,3000804,2021,4.5,3.5,95.5,4.5,111.4,56.12,Moderate
SULAWESI UTARA,bolaang mongondow,7.58,8.03,10220.0,68.16,69.45,73.7,88.23,4.85,62.06,5726207.0,0.0,8.39,3310723,2021,3.5,3.5,84.8,4.5,105.3,52.57,Moderate
SULAWESI UTARA,minahasa,7.67,9.73,12481.0,75.73,71.16,88.32,88.01,6.14,59.41,12095806.0,0.0,17.427,3310723,2021,3.5,3.5,84.8,4.5,105.3,52.57,Moderate
SULAWESI UTARA,kepulauan sangihe,11.02,8.34,11524.0,71.07,70.18,84.73,93.51,4.72,63.6,3204803.0,0.0,4.39,3310723,2021,3.5,3.5,84.8,4.5,105.3,52.57,Moderate
SULAWESI UTARA,kepulauan talaud,9.0,9.72,8558.0,69.83,70.24,86.83,84.61,2.3,79.19,1665598.0,0.0,2.267,3310723,2021,3.5,3.5,84.8,4.5,105.3,52.57,Moderate
SULAWESI UTARA,minahasa selatan,9.37,9.09,11554.0,72.32,70.01,87.66,90.78,4.9,63.04,6371366.0,0.0,8.78,3310723,2021,3.5,3.5,84.8,4.5,105.3,52.57,Moderate
SULAWESI UTARA,minahasa utara,7.11,10.0,11481.0,74.11,71.4,90.75,88.2,8.12,61.99,9884318.0,0.0,14.21,3310723,2021,3.5,3.5,84.8,4.5,105.3,52.57,Moderate
SULAWESI UTARA,bolaang mongondow utara,8.03,8.41,9143.0,67.39,67.73,73.45,79.62,5.23,64.43,1749563.0,0.0,2.574,3310723,2021,3.5,3.5,84.8,4.5,105.3,52.57,Moderate
SULAWESI UTARA,siau tagulandang biaro,8.94,9.03,8145.0,68.05,70.87,93.94,96.71,3.39,63.09,1681881.0,0.0,2.447,3310723,2021,3.5,3.5,84.8,4.5,105.3,52.57,Moderate
SULAWESI UTARA,minahasa tenggara,12.47,9.11,10479.0,71.06,70.21,87.91,92.98,3.39,64.87,3769488.0,0.0,5.214,3310723,2021,3.5,3.5,84.8,4.5,105.3,52.57,Moderate
SULAWESI UTARA,bolaang mongondow selatan,12.85,8.15,8939.0,65.42,64.49,70.18,86.1,4.6,59.05,1386962.0,0.0,2.153,3310723,2021,3.5,3.5,84.8,4.5,105.3,52.57,Moderate
SULAWESI UTARA,bolaang mongondow timur,6.1,7.93,9115.0,66.55,67.94,62.93,91.61,5.99,65.07,1938799.0,0.0,3.081,3310723,2021,3.5,3.5,84.8,4.5,105.3,52.57,Moderate
SULAWESI UTARA,kota manado,6.19,11.42,13991.0,79.2,71.9,87.76,95.89,12.17,59.08,26056517.0,0.0,36.631,3310723,2021,3.5,3.5,84.8,4.5,105.3,52.57,Moderate
SULAWESI UTARA,kota bitung,6.43,9.89,12271.0,74.2,71.1,89.35,96.68,9.96,62.22,11846006.0,0.0,17.085,3310723,2021,3.5,3.5,84.8,4.5,105.3,52.57,Moderate
SULAWESI UTARA,kota tomohon,5.69,10.74,11851.0,76.86,72.06,96.42,96.34,8.84,57.9,3215178.0,0.0,4.371,3310723,2021,3.5,3.5,84.8,4.5,105.3,52.57,Moderate
SULAWESI UTARA,kota kotamobagu,5.74,10.31,10848.0,73.47,70.6,71.57,98.06,7.32,64.77,2497919.0,0.0,3.791,3310723,2021,3.5,3.5,84.8,4.5,105.3,52.57,Moderate
SULAWESI TENGAH,banggai kepulauan,13.72,8.44,7453.0,65.61,66.59,75.35,96.89,2.95,71.98,2735237.0,0.0,3.821,2552014,2021,4.5,4.0,85.0,4.5,96.9,56.33,Moderate
SULAWESI TENGAH,banggai,7.83,8.53,9603.0,70.6,70.88,82.46,95.18,3.57,71.8,18864238.0,0.0,27.447,2552014,2021,4.5,4.0,85.0,4.5,96.9,56.33,Moderate
SULAWESI TENGAH,morowali,13.75,9.34,11028.0,72.29,69.23,78.34,93.17,5.08,63.75,54916245.0,0.0,61.986,2552014,2021,4.5,4.0,85.0,4.5,96.9,56.33,Moderate
SULAWESI TENGAH,poso,15.92,9.5,8850.0,71.45,71.19,88.09,89.77,2.47,73.54,6523785.0,0.0,9.22,2552014,2021,4.5,4.0,85.0,4.5,96.9,56.33,Moderate
SULAWESI TENGAH,donggala,16.73,7.98,8002.0,65.72,67.5,64.9,89.42,3.5,67.47,8544440.0,0.0,11.72,2552014,2021,4.5,4.0,85.0,4.5,96.9,56.33,Moderate
SULAWESI TENGAH,toli-toli,13.51,8.76,7947.0,66.3,66.18,68.09,85.92,3.13,64.04,5776241.0,0.0,8.327,2552014,2021,4.5,4.0,85.0,4.5,96.9,56.33,Moderate
SULAWESI TENGAH,buol,14.06,9.08,7974.0,68.25,69.05,70.2,86.25,3.64,67.52,4029741.0,0.0,5.644,2552014,2021,4.5,4.0,85.0,4.5,96.9,56.33,Moderate
SULAWESI TENGAH,parigi moutong,15.28,7.74,9675.0,65.82,64.35,63.98,76.15,2.97,68.82,11621816.0,0.0,17.183,2552014,2021,4.5,4.0,85.0,4.5,96.9,56.33,Moderate
SULAWESI TENGAH,tojo una-una,16.6,8.4,7621.0,64.74,65.9,71.1,94.28,3.44,74.86,3878590.0,0.0,5.587,2552014,2021,4.5,4.0,85.0,4.5,96.9,56.33,Moderate
SULAWESI TENGAH,sigi,13.05,8.82,8171.0,68.49,70.09,78.31,78.08,2.38,70.76,6426753.0,0.0,8.986,2552014,2021,4.5,4.0,85.0,4.5,96.9,56.33,Moderate
SULAWESI TENGAH,banggai laut,14.17,8.63,7707.0,65.65,65.67,61.77,92.44,3.35,61.42,1678039.0,0.0,2.332,2552014,2021,4.5,4.0,85.0,4.5,96.9,56.33,Moderate
SULAWESI TENGAH,morowali utara,13.9,8.72,8890.0,68.48,69.71,79.88,83.0,2.98,68.47,8916699.0,0.0,11.204,2552014,2021,4.5,4.0,85.0,4.5,96.9,56.33,Moderate
SULAWESI TENGAH,kota palu,7.17,11.72,14894.0,81.7,71.09,91.74,98.23,7.61,65.07,16385580.0,0.0,24.176,2552014,2021,4.5,4.0,85.0,4.5,96.9,56.33,Moderate
SULAWESI SELATAN,kepulauan selayar,12.45,8.08,9060.0,67.76,68.52,75.57,89.51,2.81,69.07,3765558.0,0.0,6.393,3165876,2021,5.0,4.5,106.7,5.5,113.5,63.1,High
SULAWESI SELATAN,bulukumba,7.43,7.82,10632.0,69.62,68.1,92.08,87.43,3.14,65.46,9013584.0,0.0,14.565,3165876,2021,5.0,4.5,106.7,5.5,113.5,63.1,High
SULAWESI SELATAN,bantaeng,9.41,6.77,11829.0,68.99,70.6,77.8,97.23,4.07,74.32,6151447.0,0.0,8.97,3165876,2021,5.0,4.5,106.7,5.5,113.5,63.1,High
SULAWESI SELATAN,jeneponto,14.28,6.6,9215.0,64.56,66.49,81.48,98.54,2.38,67.39,7058350.0,0.0,10.289,3165876,2021,5.0,4.5,106.7,5.5,113.5,63.1,High
SULAWESI SELATAN,takalar,8.25,7.49,10543.0,67.72,67.3,90.15,97.04,3.93,65.84,6908048.0,0.0,10.22,3165876,2021,5.0,4.5,106.7,5.5,113.5,63.1,High
SULAWESI SELATAN,gowa,7.54,8.2,9504.0,70.29,70.45,97.2,95.46,4.3,68.89,15043696.0,0.0,21.532,3165876,2021,5.0,4.5,106.7,5.5,113.5,63.1,High
SULAWESI SELATAN,sinjai,8.84,7.78,9505.0,67.75,67.38,87.13,88.41,2.61,71.91,7576835.0,0.0,11.325,3165876,2021,5.0,4.5,106.7,5.5,113.5,63.1,High
SULAWESI SELATAN,maros,9.57,8.01,11032.0,70.41,69.04,87.74,83.38,6.3,59.61,12400617.0,0.0,18.621,3165876,2021,5.0,4.5,106.7,5.5,113.5,63.1,High
SULAWESI SELATAN,pangkajene dan kepulauan,14.28,7.92,11519.0,69.21,66.78,86.35,89.34,5.86,64.43,17500610.0,0.0,25.663,3165876,2021,5.0,4.5,106.7,5.5,113.5,63.1,High
SULAWESI SELATAN,barru,8.68,8.24,11017.0,71.13,69.07,93.92,97.01,6.74,58.14,5069995.0,0.0,7.432,3165876,2021,5.0,4.5,106.7,5.5,113.5,63.1,High
SULAWESI SELATAN,bone,10.52,7.23,9030.0,66.4,67.21,94.28,90.09,4.15,65.67,23273868.0,0.0,36.561,3165876,2021,5.0,4.5,106.7,5.5,113.5,63.1,High
SULAWESI SELATAN,soppeng,7.53,7.82,9558.0,68.99,69.81,92.39,96.58,3.92,58.94,7585976.0,0.0,11.382,3165876,2021,5.0,4.5,106.7,5.5,113.5,63.1,High
SULAWESI SELATAN,wajo,6.46,7.05,12505.0,69.62,67.48,95.03,87.87,4.32,64.58,13569283.0,0.0,19.773,3165876,2021,5.0,4.5,106.7,5.5,113.5,63.1,High
SULAWESI SELATAN,sidenreng rappang,5.04,7.94,12201.0,71.54,70.01,98.52,99.04,4.93,58.7,8866074.0,0.0,14.073,3165876,2021,5.0,4.5,106.7,5.5,113.5,63.1,High
SULAWESI SELATAN,pinrang,8.81,7.87,11956.0,71.45,69.77,94.72,91.87,4.06,57.78,13472493.0,0.0,20.083,3165876,2021,5.0,4.5,106.7,5.5,113.5,63.1,High
SULAWESI SELATAN,enrekang,12.47,8.91,10973.0,72.91,70.93,89.11,73.03,2.34,72.64,4884373.0,0.0,7.529,3165876,2021,5.0,4.5,106.7,5.5,113.5,63.1,High
SULAWESI SELATAN,luwu,12.53,8.35,10116.0,70.85,70.44,88.55,83.38,4.8,64.22,10449750.0,0.0,16.031,3165876,2021,5.0,4.5,106.7,5.5,113.5,63.1,High
SULAWESI SELATAN,tana toraja,12.27,8.51,7434.0,69.49,73.4,83.75,71.57,3.09,77.99,4780984.0,0.0,7.571,3165876,2021,5.0,4.5,106.7,5.5,113.5,63.1,High
SULAWESI SELATAN,luwu utara,13.59,7.86,11736.0,70.02,68.67,93.72,84.03,3.91,63.07,8491499.0,0.0,13.237,3165876,2021,5.0,4.5,106.7,5.5,113.5,63.1,High
SULAWESI SELATAN,luwu timur,6.94,8.81,12886.0,73.34,70.63,92.85,79.11,4.96,73.14,16030502.0,0.0,21.53,3165876,2021,5.0,4.5,106.7,5.5,113.5,63.1,High
SULAWESI SELATAN,toraja utara,11.99,8.25,8134.0,69.75,73.41,87.62,72.8,2.61,71.56,5357129.0,0.0,9.721,3165876,2021,5.0,4.5,106.7,5.5,113.5,63.1,High
SULAWESI SELATAN,kota makassar,4.82,11.43,17097.0,82.66,72.13,93.75,99.58,13.18,59.7,126312828.0,0.0,178.333,3165876,2021,5.0,4.5,106.7,5.5,113.5,63.1,High
SULAWESI SELATAN,kota parepare,5.4,10.65,13786.0,78.21,71.31,98.21,99.09,6.72,66.94,5161916.0,0.0,7.324,3165876,2021,5.0,4.5,106.7,5.5,113.5,63.1,High
SULAWESI SELATAN,kota palopo,8.14,10.94,13117.0,78.38,70.92,92.09,96.22,8.83,59.95,5768275.0,0.0,8.025,3165876,2021,5.0,4.5,106.7,5.5,113.5,63.1,High
SULAWESI TENGGARA,buton,13.92,7.92,7324.0,66.32,68.39,79.37,97.98,4.74,64.42,2847090.0,0.0,3.782,2303711,2021,4.5,3.5,85.2,5.5,122.5,57.63,Moderate
SULAWESI TENGGARA,muna,13.54,8.46,8218.0,69.17,70.41,79.85,92.1,4.97,66.5,5229546.0,0.0,2.463,2303711,2021,4.5,3.5,85.2,5.5,122.5,57.63,Moderate
SULAWESI TENGGARA,konawe,13.03,9.21,10151.0,71.48,70.32,89.72,86.3,4.56,70.0,7826408.0,0.0,2.925,2303711,2021,4.5,3.5,85.2,5.5,122.5,57.63,Moderate
SULAWESI TENGGARA,kolaka,12.43,8.99,12525.0,73.56,71.21,87.35,85.69,3.62,69.83,18999351.0,0.0,6.988,2303711,2021,4.5,3.5,85.2,5.5,122.5,57.63,Moderate
SULAWESI TENGGARA,konawe selatan,11.34,8.11,9059.0,68.58,70.87,76.75,86.99,2.14,71.98,8655572.0,0.0,2.618,2303711,2021,4.5,3.5,85.2,5.5,122.5,57.63,Moderate
SULAWESI TENGGARA,bombana,10.76,8.04,8310.0,66.25,69.09,82.5,92.06,3.17,72.77,4873717.0,0.0,10.304,2303711,2021,4.5,3.5,85.2,5.5,122.5,57.63,Moderate
SULAWESI TENGGARA,wakatobi,14.91,8.16,9280.0,69.87,70.48,84.99,94.22,2.3,70.63,3220931.0,0.0,25.551,2303711,2021,4.5,3.5,85.2,5.5,122.5,57.63,Moderate
SULAWESI TENGGARA,kolaka utara,13.79,8.22,10244.0,69.5,70.36,86.18,87.02,3.18,79.76,6525446.0,0.0,11.828,2303711,2021,4.5,3.5,85.2,5.5,122.5,57.63,Moderate
SULAWESI TENGGARA,buton utara,14.89,8.93,7496.0,68.08,70.93,69.43,91.84,3.0,75.63,2342595.0,0.0,6.566,2303711,2021,4.5,3.5,85.2,5.5,122.5,57.63,Moderate
SULAWESI TENGGARA,konawe utara,14.32,9.3,9181.0,70.23,69.53,76.58,81.06,3.36,70.6,2957837.0,0.0,4.429,2303711,2021,4.5,3.5,85.2,5.5,122.5,57.63,Moderate
SULAWESI TENGGARA,kolaka timur,14.35,7.84,7753.0,67.76,72.82,88.41,93.87,3.44,74.79,3413957.0,0.0,8.831,2303711,2021,4.5,3.5,85.2,5.5,122.5,57.63,Moderate
SULAWESI TENGGARA,konawe kepulauan,17.81,9.42,6738.0,65.73,68.43,78.38,97.78,1.83,70.76,1071100.0,0.0,3.211,2303711,2021,4.5,3.5,85.2,5.5,122.5,57.63,Moderate
SULAWESI TENGGARA,muna barat,13.96,7.3,7502.0,65.48,70.35,73.03,95.18,2.84,71.96,1926498.0,0.0,3.966,2303711,2021,4.5,3.5,85.2,5.5,122.5,57.63,Moderate
SULAWESI TENGGARA,buton tengah,15.8,7.31,7244.0,64.55,67.69,86.51,92.15,3.77,63.93,1760036.0,0.0,4.496,2303711,2021,4.5,3.5,85.2,5.5,122.5,57.63,Moderate
SULAWESI TENGGARA,buton selatan,14.62,7.54,7279.0,64.99,67.69,87.22,96.12,3.92,73.4,2080195.0,0.0,1.399,2303711,2021,4.5,3.5,85.2,5.5,122.5,57.63,Moderate
SULAWESI TENGGARA,kota kendari,4.87,12.51,14356.0,84.15,73.83,96.57,98.84,5.19,65.34,17165185.0,0.0,22.046,2303711,2021,4.5,3.5,85.2,5.5,122.5,57.63,Moderate
SULAWESI TENGGARA,kota baubau,7.78,10.91,10503.0,76.26,71.25,96.68,99.67,6.87,68.95,6844689.0,0.0,9.076,2303711,2021,4.5,3.5,85.2,5.5,122.5,57.63,Moderate
GORONTALO,boalemo,19.0,7.0,8940.0,66.42,69.3,68.82,94.21,3.57,65.56,3567638.0,0.0,5.491,2788826,2021,4.5,3.5,96.2,5.0,112.8,56.58,Moderate
GORONTALO,gorontalo,17.89,7.3,9412.0,67.34,67.69,76.82,95.11,2.12,65.13,9082312.0,0.0,13.047,2788826,2021,4.5,3.5,96.2,5.0,112.8,56.58,Moderate
GORONTALO,pohuwato,18.08,7.26,10409.0,65.8,64.3,76.12,93.13,2.45,70.09,4703613.0,0.0,6.737,2788826,2021,4.5,3.5,96.2,5.0,112.8,56.58,Moderate
GORONTALO,bone bolango,16.3,8.32,10198.0,70.25,68.52,73.71,93.72,3.45,65.09,3224680.0,0.0,4.649,2788826,2021,4.5,3.5,96.2,5.0,112.8,56.58,Moderate
GORONTALO,gorontalo utara,17.23,7.15,9064.0,65.21,65.93,79.03,86.23,2.3,68.57,2376146.0,0.0,3.429,2788826,2021,4.5,3.5,96.2,5.0,112.8,56.58,Moderate
GORONTALO,kota gorontalo,5.93,10.37,12390.0,77.41,72.53,92.9,99.62,4.55,63.97,6345632.0,0.0,8.537,2788826,2021,4.5,3.5,96.2,5.0,112.8,56.58,Moderate
SULAWESI BARAT,majene,14.34,8.91,10028.0,67.29,61.77,79.74,94.6,2.85,65.35,3598959.0,0.0,4.994,2678863,2021,3.5,3.0,81.8,4.5,101.1,50.11,Moderate
SULAWESI BARAT,polewali mandar,15.68,7.44,8548.0,64.23,62.53,86.31,83.88,3.38,68.98,9414992.0,0.0,13.271,2678863,2021,3.5,3.0,81.8,4.5,101.1,50.11,Moderate
SULAWESI BARAT,mamasa,13.77,7.88,7736.0,66.63,70.94,63.08,31.51,2.18,80.24,2255608.0,0.0,2.983,2678863,2021,3.5,3.0,81.8,4.5,101.1,50.11,Moderate
SULAWESI BARAT,mamuju,7.46,7.96,9494.0,68.32,67.77,80.47,82.91,3.79,70.24,8342016.0,0.0,11.624,2678863,2021,3.5,3.0,81.8,4.5,101.1,50.11,Moderate
SULAWESI BARAT,mamuju utara,4.77,8.09,11072.0,68.03,66.45,79.18,87.36,3.13,69.03,7389296.0,0.0,10.014,2678863,2021,3.5,3.0,81.8,4.5,101.1,50.11,Moderate
SULAWESI BARAT,mamuju tengah,7.13,7.51,8408.0,66.18,68.55,81.76,77.43,2.52,70.84,2282748.0,0.0,3.186,2678863,2021,3.5,3.0,81.8,4.5,101.1,50.11,Moderate
MALUKU,maluku tenggara barat,27.27,9.69,6335.0,62.97,63.45,84.88,93.3,4.4,68.96,1749807.0,1.0,2.713,2721530,2021,4.5,3.5,81.8,4.5,99.5,53.64,Moderate
MALUKU,maluku tenggara,22.73,9.76,7580.0,66.33,65.14,86.47,92.96,5.06,64.58,2034006.0,1.0,3.26,2721530,2021,4.5,3.5,81.8,4.5,99.5,53.64,Moderate
MALUKU,maluku tengah,19.84,9.68,10243.0,71.32,66.45,74.24,89.61,8.07,62.59,6028166.0,0.0,8.725,2721530,2021,4.5,3.5,81.8,4.5,99.5,53.64,Moderate
MALUKU,buru,17.28,8.79,10347.0,69.33,66.44,69.35,96.18,4.85,70.82,1611262.0,0.0,2.427,2721530,2021,4.5,3.5,81.8,4.5,99.5,53.64,Moderate
MALUKU,kepulauan aru,26.53,8.83,7623.0,63.83,62.96,39.66,84.6,1.55,65.81,2356727.0,1.0,3.504,2721530,2021,4.5,3.5,81.8,4.5,99.5,53.64,Moderate
MALUKU,seram bagian barat,25.27,8.92,8720.0,65.83,61.85,62.64,91.13,5.65,72.2,2030114.0,1.0,3.03,2721530,2021,4.5,3.5,81.8,4.5,99.5,53.64,Moderate
MALUKU,seram bagian timur,23.25,8.46,9480.0,64.3,59.62,65.25,84.43,3.88,69.07,1966542.0,1.0,2.914,2721530,2021,4.5,3.5,81.8,4.5,99.5,53.64,Moderate
MALUKU,maluku barat daya,29.55,8.59,6918.0,62.37,62.55,82.65,93.15,1.8,76.66,1091807.0,1.0,1.671,2721530,2021,4.5,3.5,81.8,4.5,99.5,53.64,Moderate
MALUKU,buru selatan,15.89,7.95,7600.0,64.8,66.36,58.54,93.99,1.63,75.39,923245.0,0.0,1.419,2721530,2021,4.5,3.5,81.8,4.5,99.5,53.64,Moderate
MALUKU,kota ambon,5.02,12.2,14148.0,81.23,70.63,90.56,98.3,11.32,61.56,10591813.0,0.0,14.707,2721530,2021,4.5,3.5,81.8,4.5,99.5,53.64,Moderate
MALUKU,kota tual,23.26,10.53,7405.0,68.16,65.68,83.27,96.19,8.71,60.61,1550124.0,1.0,2.491,2721530,2021,4.5,3.5,81.8,4.5,99.5,53.64,Moderate
MALUKU UTARA,halmahera barat,8.95,8.37,7467.0,65.56,66.34,73.32,94.73,3.26,64.88,1554088.0,0.0,2.286,2604961,2021,4.5,4.0,102.6,4.5,109.1,60.01,Moderate
MALUKU UTARA,halmahera tengah,13.52,9.01,7966.0,65.82,64.15,80.7,83.71,4.23,63.02,5225848.0,0.0,3.164,2604961,2021,4.5,4.0,102.6,4.5,109.1,60.01,Moderate
MALUKU UTARA,kepulauan sula,8.23,9.0,7040.0,63.8,63.39,81.31,84.53,2.78,63.76,1663354.0,0.0,2.516,2604961,2021,4.5,4.0,102.6,4.5,109.1,60.01,Moderate
MALUKU UTARA,halmahera selatan,5.19,8.1,7142.0,64.19,65.93,57.97,90.48,1.94,68.87,6532022.0,0.0,8.699,2604961,2021,4.5,4.0,102.6,4.5,109.1,60.01,Moderate
MALUKU UTARA,halmahera utara,5.22,8.62,7519.0,67.82,69.61,68.98,87.09,8.01,64.39,3870036.0,0.0,5.726,2604961,2021,4.5,4.0,102.6,4.5,109.1,60.01,Moderate
MALUKU UTARA,halmahera timur,15.04,8.27,7973.0,67.0,69.08,70.1,65.51,6.78,64.8,2491395.0,0.0,3.566,2604961,2021,4.5,4.0,102.6,4.5,109.1,60.01,Moderate
MALUKU UTARA,pulau morotai,6.52,7.4,6378.0,62.9,67.35,71.5,78.95,6.27,67.71,1083770.0,0.0,1.589,2604961,2021,4.5,4.0,102.6,4.5,109.1,60.01,Moderate
MALUKU UTARA,pulau taliabu,7.49,7.67,6467.0,60.73,62.22,65.37,68.36,6.1,69.23,1128880.0,0.0,1.491,2604961,2021,4.5,4.0,102.6,4.5,109.1,60.01,Moderate
MALUKU UTARA,kota ternate,3.55,11.81,13290.0,80.14,71.06,99.22,100.0,5.7,59.58,7394964.0,0.0,10.549,2604961,2021,4.5,4.0,102.6,4.5,109.1,60.01,Moderate
MALUKU UTARA,kota tidore kepulauan,6.58,9.95,8316.0,70.99,69.43,90.55,98.21,2.81,66.2,2062850.0,0.0,2.978,2604961,2021,4.5,4.0,102.6,4.5,109.1,60.01,Moderate
PAPUA BARAT,fakfak,22.86,8.97,7446.0,68.52,68.5,65.86,98.0,7.9,71.53,3474011.0,1.0,5.207,3134600,2021,4.0,3.5,84.8,3.5,79.3,51.44,Moderate
PAPUA BARAT,kaimana,16.04,8.58,8151.0,65.31,64.93,74.57,83.78,3.23,75.65,1716123.0,0.0,2.712,3134600,2021,4.0,3.5,84.8,3.5,79.3,51.44,Moderate
PAPUA BARAT,teluk wondama,31.61,7.08,8034.0,60.33,60.24,61.1,19.78,2.9,74.97,990094.0,1.0,1.538,3134600,2021,4.0,3.5,84.8,3.5,79.3,51.44,Moderate
PAPUA BARAT,teluk bintuni,29.79,8.22,9708.0,64.65,60.99,77.45,90.37,4.74,67.35,25061823.0,1.0,30.992,3134600,2021,4.0,3.5,84.8,3.5,79.3,51.44,Moderate
PAPUA BARAT,manokwari,20.56,8.34,11977.0,72.02,68.82,86.9,86.2,7.04,71.49,6593321.0,1.0,9.657,3134600,2021,4.0,3.5,84.8,3.5,79.3,51.44,Moderate
PAPUA BARAT,sorong selatan,18.55,7.49,6188.0,62.46,66.39,41.0,51.38,3.55,80.07,1300536.0,1.0,1.859,3134600,2021,4.0,3.5,84.8,3.5,79.3,51.44,Moderate
PAPUA BARAT,sorong,27.78,8.33,7350.0,65.77,66.22,84.26,85.2,3.36,68.89,8520874.0,0.0,10.791,3134600,2021,4.0,3.5,84.8,3.5,79.3,51.44,Moderate
PAPUA BARAT,raja ampat,17.5,8.02,7882.0,63.92,64.83,55.11,73.45,3.81,66.43,2590412.0,1.0,2.963,3134600,2021,4.0,3.5,84.8,3.5,79.3,51.44,Moderate
PAPUA BARAT,tambrauw,33.86,5.39,4903.0,53.71,60.2,69.75,37.05,1.49,75.61,147485.0,1.0,239.0,3134600,2021,4.0,3.5,84.8,3.5,79.3,51.44,Moderate
PAPUA BARAT,maybrat,31.39,6.96,5245.0,59.7,65.25,70.49,40.83,1.89,81.51,467690.0,1.0,732.0,3134600,2021,4.0,3.5,84.8,3.5,79.3,51.44,Moderate
PAPUA BARAT,manokwari selatan,29.3,6.63,5505.0,59.85,67.6,91.54,80.77,2.9,84.61,586829.0,1.0,819.0,3134600,2021,4.0,3.5,84.8,3.5,79.3,51.44,Moderate
PAPUA BARAT,pegunungan arfak,34.7,5.12,5009.0,56.13,67.26,45.21,82.47,0.7,94.71,157525.0,0.0,218.0,3134600,2021,4.0,3.5,84.8,3.5,79.3,51.44,Moderate
PAPUA BARAT,kota sorong,15.35,11.19,13744.0,78.49,70.93,90.73,92.18,9.95,61.4,9986993.0,0.0,15.601,3134600,2021,4.0,3.5,84.8,3.5,79.3,51.44,Moderate
PAPUA,merauke,10.16,8.73,10201.0,70.49,67.07,82.1,71.35,2.19,70.69,10424592.0,1.0,16.036,3516700,2021,4.0,3.0,61.7,4.5,71.9,47.43,Moderate
PAPUA,jayawijaya,37.09,5.6,7545.0,58.67,59.9,23.7,43.48,1.62,84.14,4659979.0,0.0,8.156,3516700,2021,4.0,3.0,61.7,4.5,71.9,47.43,Moderate
PAPUA,jayapura,12.13,10.05,9989.0,72.03,67.16,71.24,74.87,7.87,67.97,10271631.0,1.0,15.645,3516700,2021,4.0,3.0,61.7,4.5,71.9,47.43,Moderate
PAPUA,nabire,23.83,10.01,8856.0,69.15,68.15,85.73,87.19,3.05,73.09,7693272.0,1.0,11.199,3516700,2021,4.0,3.0,61.7,4.5,71.9,47.43,Moderate
PAPUA,kepulauan yapen,26.09,9.47,7491.0,67.72,69.17,68.36,80.89,2.47,63.94,2901321.0,1.0,4.159,3516700,2021,4.0,3.0,61.7,4.5,71.9,47.43,Moderate
PAPUA,biak numfor,24.45,10.34,9607.0,72.33,68.29,83.32,97.67,9.49,69.47,3327269.0,1.0,5.232,3516700,2021,4.0,3.0,61.7,4.5,71.9,47.43,Moderate
PAPUA,paniai,36.59,4.77,6377.0,56.7,66.62,0.26,82.09,0.74,89.26,3084841.0,1.0,4.286,3516700,2021,4.0,3.0,61.7,4.5,71.9,47.43,Moderate
PAPUA,puncak jaya,36.0,3.74,5289.0,48.99,65.33,15.79,82.87,1.74,91.39,983029.0,1.0,1.389,3516700,2021,4.0,3.0,61.7,4.5,71.9,47.43,Moderate
PAPUA,mimika,14.17,10.18,11400.0,74.48,72.36,83.63,91.26,5.37,64.77,69619313.0,0.0,63.397,3516700,2021,4.0,3.0,61.7,4.5,71.9,47.43,Moderate
PAPUA,boven digoel,19.9,8.79,7864.0,61.62,60.32,61.71,64.5,6.73,79.72,3223281.0,0.0,4.863,3516700,2021,4.0,3.0,61.7,4.5,71.9,47.43,Moderate
PAPUA,mappi,26.05,6.51,6327.0,58.7,65.31,35.29,48.66,4.11,61.6,1883775.0,1.0,2.987,3516700,2021,4.0,3.0,61.7,4.5,71.9,47.43,Moderate
PAPUA,asmat,24.83,5.08,5736.0,51.29,58.59,31.34,98.67,0.45,81.16,1563594.0,1.0,2.572,3516700,2021,4.0,3.0,61.7,4.5,71.9,47.43,Moderate
PAPUA,yahukimo,37.64,4.27,4895.0,49.48,66.05,13.09,43.46,2.25,85.47,1556231.0,1.0,2.506,3516700,2021,4.0,3.0,61.7,4.5,71.9,47.43,Moderate
PAPUA,pegunungan bintang,30.46,3.04,5429.0,46.28,64.54,31.28,80.88,4.43,87.88,1444833.0,1.0,1.969,3516700,2021,4.0,3.0,61.7,4.5,71.9,47.43,Moderate
PAPUA,tolikara,32.6,3.65,4841.0,49.6,65.83,3.24,6.6,1.12,90.61,1068562.0,1.0,1.673,3516700,2021,4.0,3.0,61.7,4.5,71.9,47.43,Moderate
PAPUA,sarmi,13.84,8.83,6617.0,63.94,66.46,68.36,89.82,3.5,68.57,1862596.0,0.0,2.943,3516700,2021,4.0,3.0,61.7,4.5,71.9,47.43,Moderate
PAPUA,keerom,16.0,8.02,8926.0,66.49,66.78,60.58,75.64,1.41,76.91,2048897.0,0.0,2.927,3516700,2021,4.0,3.0,61.7,4.5,71.9,47.43,Moderate
PAPUA,waropen,29.85,9.21,6788.0,65.1,66.42,84.68,72.89,8.56,56.39,1485621.0,1.0,2.047,3516700,2021,4.0,3.0,61.7,4.5,71.9,47.43,Moderate
PAPUA,supiori,37.91,8.87,5708.0,62.72,66.06,80.32,45.56,2.66,68.56,781180.0,1.0,1.042,3516700,2021,4.0,3.0,61.7,4.5,71.9,47.43,Moderate
PAPUA,mamberamo raya,28.78,5.87,4603.0,52.18,58.0,65.19,66.1,1.91,66.84,1030714.0,1.0,1.725,3516700,2021,4.0,3.0,61.7,4.5,71.9,47.43,Moderate
PAPUA,nduga,37.18,1.42,3976.0,32.84,55.43,4.35,13.35,0.0,97.93,815251.0,1.0,1.271,3516700,2021,4.0,3.0,61.7,4.5,71.9,47.43,Moderate
PAPUA,lanny jaya,38.73,3.43,4393.0,48.68,66.11,2.51,0.87,0.0,95.66,1202144.0,1.0,1.935,3516700,2021,4.0,3.0,61.7,4.5,71.9,47.43,Moderate
PAPUA,mamberamo tengah,36.76,3.33,4487.0,48.32,63.75,2.54,0.0,0.9,95.84,769368.0,1.0,1.215,3516700,2021,4.0,3.0,61.7,4.5,71.9,47.43,Moderate
PAPUA,yalimo,33.25,3.01,4664.0,49.01,65.49,0.48,59.96,0.41,93.68,782619.0,1.0,1.286,3516700,2021,4.0,3.0,61.7,4.5,71.9,47.43,Moderate
PAPUA,puncak,36.26,2.16,5412.0,43.17,65.86,11.43,85.03,0.94,89.43,831070.0,1.0,1.438,3516700,2021,4.0,3.0,61.7,4.5,71.9,47.43,Moderate
PAPUA,dogiyai,28.81,4.94,5415.0,55.0,65.85,12.11,71.24,5.68,78.2,906904.0,1.0,1.356,3516700,2021,4.0,3.0,61.7,4.5,71.9,47.43,Moderate
PAPUA,intan jaya,41.66,3.09,5328.0,48.34,65.69,0.36,35.01,1.43,75.75,767101.0,1.0,1.274,3516700,2021,4.0,3.0,61.7,4.5,71.9,47.43,Moderate
PAPUA,deiyai,40.59,3.25,4673.0,49.96,65.36,0.0,85.23,0.79,85.01,841296.0,1.0,1.439,3516700,2021,4.0,3.0,61.7,4.5,71.9,47.43,Moderate
PAPUA,kota jayapura,11.39,11.57,14937.0,80.11,70.52,85.31,97.1,11.67,63.75,22852202.0,0.0,32.207,3516700,2021,4.0,3.0,61.7,4.5,71.9,47.43,Moderate
